symbol	baseMean	log2FoldChange	lfcSE	stat	pvalue	padj
GENE01	83.0	-2.6364	0.3500	-5.8000	2.15009e-6	8.60037e-6
GENE02	86.0	-2.5455	0.3500	-5.6000	3.37202e-6	1.34881e-5
GENE03	89.0	-2.4545	0.3500	-5.4000	5.28837e-6	2.11535e-5
GENE04	92.0	-2.3636	0.3500	-5.2000	8.29382e-6	3.31753e-5
GENE05	95.0	-2.2727	0.3500	-5.0000	1.30073e-5	5.20292e-5
GENE06	98.0	-2.1818	0.3500	-4.8000	2.03995e-5	8.15980e-5
GENE07	101.0	-2.0909	0.3500	-4.6000	3.19928e-5	1.27971e-4
GENE08	104.0	-2.0000	0.3500	-4.4000	5.01747e-5	2.00699e-4
GENE09	107.0	-1.9091	0.3500	-4.2000	7.86896e-5	3.14758e-4
GENE10	110.0	-1.8182	0.3500	-4.0000	1.23410e-4	4.93639e-4
GENE11	113.0	-1.7273	0.3500	-3.8000	1.93545e-4	7.74180e-4
GENE12	116.0	-1.6364	0.3500	-3.6000	3.03539e-4	1.21416e-3
GENE13	119.0	2.1818	0.3500	4.8000	2.03995e-5	8.15980e-5
GENE14	122.0	2.1000	0.3500	4.6200	3.05850e-5	1.22340e-4
GENE15	125.0	2.0182	0.3500	4.4400	4.58562e-5	1.83425e-4
GENE16	128.0	1.9364	0.3500	4.2600	6.87523e-5	2.75009e-4
GENE17	131.0	1.8545	0.3500	4.0800	1.03081e-4	4.12322e-4
GENE18	134.0	1.7727	0.3500	3.9000	1.54549e-4	6.18196e-4
GENE19	137.0	1.6909	0.3500	3.7200	2.31716e-4	9.26862e-4
GENE20	140.0	1.6091	0.3500	3.5400	3.47412e-4	1.38965e-3
GENE21	143.0	1.5273	0.3500	3.3600	5.20875e-4	2.08350e-3
GENE22	146.0	1.4455	0.3500	3.1800	7.80950e-4	3.12380e-3
GENE23	149.0	1.3636	0.3500	3.0000	1.17088e-3	4.68352e-3
GENE24	152.0	1.2818	0.3500	2.8200	1.75550e-3	7.02201e-3
GENE25	155.0	2.9091	0.3500	6.4000	5.57390e-7	2.22956e-6
GENE26	158.0	2.8182	0.3500	6.2000	8.74162e-7	3.49665e-6
GENE27	161.0	2.7273	0.3500	6.0000	1.37096e-6	5.48384e-6
GENE28	164.0	2.6364	0.3500	5.8000	2.15009e-6	8.60037e-6
GENE29	167.0	2.5455	0.3500	5.6000	3.37202e-6	1.34881e-5
GENE30	170.0	2.4545	0.3500	5.4000	5.28837e-6	2.11535e-5
GENE31	173.0	2.3636	0.3500	5.2000	8.29382e-6	3.31753e-5
GENE32	176.0	2.2727	0.3500	5.0000	1.30073e-5	5.20292e-5
GENE33	179.0	2.1818	0.3500	4.8000	2.03995e-5	8.15980e-5
GENE34	182.0	2.0909	0.3500	4.6000	3.19928e-5	1.27971e-4
GENE35	185.0	2.0000	0.3500	4.4000	5.01747e-5	2.00699e-4
GENE36	188.0	1.9091	0.3500	4.2000	7.86896e-5	3.14758e-4
GENE37	191.0	-1.0000	0.3500	-2.2000	7.08341e-3	2.83336e-2
GENE38	194.0	-1.1591	0.3500	-2.5500	3.22282e-3	1.28913e-2
GENE39	197.0	-1.3182	0.3500	-2.9000	1.46632e-3	5.86528e-3
GENE40	200.0	-1.4773	0.3500	-3.2500	6.67147e-4	2.66859e-3
