symbol	A_CTRL_1	A_CTRL_2	A_TRT_1	A_TRT_2	B_CTRL_1	B_CTRL_2	B_TRT_1	B_TRT_2
GENE01	5.28	5.16	8.34	8.22	7.53	7.47	4.44	4.36
GENE02	5.36	5.12	8.38	8.14	7.55	7.45	4.48	4.32
GENE03	5.44	5.08	8.42	8.06	7.58	7.42	4.52	4.28
GENE04	5.52	5.04	8.46	7.98	7.61	7.39	4.56	4.24
GENE05	5.20	5.20	8.30	8.30	7.50	7.50	4.40	4.40
GENE06	5.28	5.16	8.34	8.22	7.53	7.47	4.44	4.36
GENE07	5.36	5.12	8.38	8.14	7.55	7.45	4.48	4.32
GENE08	5.44	5.08	8.42	8.06	7.58	7.42	4.52	4.28
GENE09	5.52	5.04	8.46	7.98	7.61	7.39	4.56	4.24
GENE10	5.20	5.20	8.30	8.30	7.50	7.50	4.40	4.40
GENE11	5.28	5.16	8.34	8.22	7.53	7.47	4.44	4.36
GENE12	5.36	5.12	8.38	8.14	7.55	7.45	4.48	4.32
GENE13	8.34	7.98	5.12	4.76	5.18	5.02	7.62	7.38
GENE14	8.42	7.94	5.16	4.68	5.21	4.99	7.66	7.34
GENE15	8.10	8.10	5.00	5.00	5.10	5.10	7.50	7.50
GENE16	8.18	8.06	5.04	4.92	5.13	5.07	7.54	7.46
GENE17	8.26	8.02	5.08	4.84	5.15	5.05	7.58	7.42
GENE18	8.34	7.98	5.12	4.76	5.18	5.02	7.62	7.38
GENE19	8.42	7.94	5.16	4.68	5.21	4.99	7.66	7.34
GENE20	8.10	8.10	5.00	5.00	5.10	5.10	7.50	7.50
GENE21	8.18	8.06	5.04	4.92	5.13	5.07	7.54	7.46
GENE22	8.26	8.02	5.08	4.84	5.15	5.05	7.58	7.42
GENE23	8.34	7.98	5.12	4.76	5.18	5.02	7.62	7.38
GENE24	8.42	7.94	5.16	4.68	5.21	4.99	7.66	7.34
GENE25	5.80	5.80	6.70	6.70	4.50	4.50	8.20	8.20
GENE26	5.88	5.76	6.74	6.62	4.53	4.47	8.24	8.16
GENE27	5.96	5.72	6.78	6.54	4.55	4.45	8.28	8.12
GENE28	6.04	5.68	6.82	6.46	4.58	4.42	8.32	8.08
GENE29	6.12	5.64	6.86	6.38	4.61	4.39	8.36	8.04
GENE30	5.80	5.80	6.70	6.70	4.50	4.50	8.20	8.20
GENE31	5.88	5.76	6.74	6.62	4.53	4.47	8.24	8.16
GENE32	5.96	5.72	6.78	6.54	4.55	4.45	8.28	8.12
GENE33	6.04	5.68	6.82	6.46	4.58	4.42	8.32	8.08
GENE34	6.12	5.64	6.86	6.38	4.61	4.39	8.36	8.04
GENE35	5.80	5.80	6.70	6.70	4.50	4.50	8.20	8.20
GENE36	5.88	5.76	6.74	6.62	4.53	4.47	8.24	8.16
GENE37	7.06	6.82	6.18	5.94	7.25	7.15	5.48	5.32
GENE38	7.14	6.78	6.22	5.86	7.28	7.12	5.52	5.28
GENE39	7.22	6.74	6.26	5.78	7.31	7.09	5.56	5.24
GENE40	6.90	6.90	6.10	6.10	7.20	7.20	5.40	5.40
