role	resource_id	artifact	bundled_in_package	distribution_status
bundled_scientific_resource	lisa_dictionary_core@1.0.0	lisa_dictionary_core_runtime_v1_0.tsv	TRUE	source_terms_apply
bundled_scientific_resource	lisa_dictionary_expanded@1.0.0	lisa_dictionary_expanded_runtime_v1_0.tsv	TRUE	source_terms_apply
bundled_scientific_resource	lisa_category_map@1.0.0	lisa_category_map_runtime_v1_0.tsv	TRUE	source_terms_apply
superseded_scientific_identity	lisa_core@0.1.0	lisa_core_runtime_v0_1.tsv	TRUE	superseded_compatibility_reads_same_bytes
superseded_scientific_identity	lisa_expanded@0.1.0	lisa_expanded_runtime_v0_1.tsv	TRUE	superseded_compatibility_reads_same_bytes
superseded_scientific_identity	lisa_category_map@0.1.1	lisa_category_map_runtime_v1_0.tsv	TRUE	superseded_compatibility_reads_same_bytes
bundled_documentation_excerpt	lisa_semantic_category_guide@0.2.1	../semantic-catalog/semantic_category_catalog.tsv	TRUE	source_terms_apply
bundled_synthetic_fixture	lisa_quickstart_dictionary@1.0.0	../quick-start/example_dictionary.tsv	TRUE	synthetic_original_fixture
bundled_synthetic_fixture	lisa_quickstart_dictionary@2.0.0	../quick-start/example_dictionary_v2_0.tsv	TRUE	synthetic_original_fixture
bundled_synthetic_fixture	lisa_quickstart_dictionary@3.0.0	../quick-start/example_dictionary_v3_0.tsv	TRUE	synthetic_original_fixture
bundled_synthetic_fixture	lisa_quickstart_term2gene@1.0.0	../quick-start/example_term2gene.tsv	TRUE	synthetic_original_fixture
bundled_synthetic_fixture	lisa_quickstart_term2gene@2.0.0	../quick-start/example_term2gene_v2_0.tsv	TRUE	synthetic_original_fixture
bundled_synthetic_fixture	lisa_quickstart_category_map@1.0.0	../quick-start/example_category_map.tsv	TRUE	synthetic_original_fixture
bundled_synthetic_fixture	lisa_example_term2gene@0.1.0	../minimal/example_term2gene.tsv	TRUE	synthetic_original_fixture
retired_scientific_identity	lisa_core@1.0.0	lisa_core_runtime_v0_1.tsv	TRUE	retired_transformed_bytes_preserved_not_registered
retired_scientific_identity	lisa_expanded@1.0.0	lisa_expanded_runtime_v0_1.tsv	TRUE	retired_transformed_bytes_preserved_not_registered
bundled_synthetic_fixture	lisa_dictionary_quickstart@1.0.0	../quick-start/lisa_dictionary_quickstart_v1_0.tsv	TRUE	synthetic_first_publication_v1
bundled_synthetic_fixture	lisa_dictionary_custom_example@1.0.0	../custom-resources/lisa_dictionary_custom_example_v1_0.tsv	TRUE	synthetic_first_publication_v1
superseded_scientific_identity	lisa_core@2.0.0	lisa_dictionary_core_runtime_v1_0.tsv	TRUE	superseded_compatibility_reads_same_bytes
superseded_scientific_identity	lisa_expanded@2.0.0	lisa_dictionary_expanded_runtime_v1_0.tsv	TRUE	superseded_compatibility_reads_same_bytes
superseded_synthetic_identity	lisa_quickstart_dictionary@4.0.0	../quick-start/lisa_dictionary_quickstart_v1_0.tsv	TRUE	superseded_compatibility_reads_same_bytes
superseded_synthetic_identity	lisa_example_custom_dictionary@2.0.0	../custom-resources/lisa_dictionary_custom_example_v1_0.tsv	TRUE	superseded_compatibility_reads_same_bytes
bundled_synthetic_fixture	lisa_dictionary_quickstart@1.1.0	../quick-start/lisa_dictionary_quickstart_v1_1.tsv	TRUE	synthetic_current_sample
bundled_synthetic_fixture	lisa_quickstart_category_map@1.1.0	../quick-start/example_category_map_v1_1.tsv	TRUE	synthetic_current_sample
bundled_synthetic_fixture	lisa_quickstart_term2gene@2.1.0	../quick-start/example_term2gene_v2_1.tsv	TRUE	synthetic_current_sample
