component	source	source_version	content_in_package	transformation	licence_or_terms	attribution	public_release_status
LISA semantic classification	LISA project	Complete dictionary 1.0.0; active category map 1.0.0 (identities renamed from 0.1.0 and 0.1.1 by the resource-version migration; bytes unchanged)	Exact bundled core/expanded dictionary and active category-map TSVs, plus the semantic documentation excerpt; scores and rows are unchanged from the pinned resource bundle manifest	Category map 1.0.0 is deterministically pruned from immutable source map 0.1.0 using exact core/expanded assignments; the three packaged artifacts are byte-pinned in RESOURCE_BUNDLE_MANIFEST.tsv	GPL-3.0-or-later for the CSIC/LISA-project package material; this does not grant third-party rights in referenced identifiers or external gene memberships	LISA project; retain MSigDB, KEGG and BioCarta notices below where applicable	Source terms and attribution apply. Attribution and third-party-resource boundaries remain applicable
MSigDB identifiers	Molecular Signatures Database	Original historical retrieval: unrecorded; technical reconstruction: 2026.1 via msigdbr 26.1.0	At most three identifier-only examples per represented LISA category in the semantic guide; no gene memberships	Examples are deterministically selected from the source core dictionary and cross-checked against expanded	MSigDB licence terms; collection-specific exceptions apply	Molecular Signatures Database; Liberzon et al.; Subramanian et al.	Source release recorded for technical reconstruction; retain applicable source terms and attribution
KEGG MEDICUS identifiers	MSigDB / KEGG	Original historical retrieval: unrecorded; technical reconstruction: MSigDB 2026.1	Referenced identifiers occur in the bundled LISA classifications; no gene memberships	Identifier-to-LISA-category classifications retained in the bundled complete 0.1 candidate resources	MSigDB terms identify KEGG MEDICUS content as CC BY-SA 4.0	MSigDB and KEGG	The bundle retains MSigDB and KEGG attribution; GPL-3.0-or-later package metadata does not alter collection-specific terms or downstream responsibilities
KEGG LEGACY identifiers	MSigDB / KEGG	Original historical retrieval: unrecorded; technical reconstruction: MSigDB 2026.1	Referenced identifiers occur in the bundled LISA classifications; no gene memberships	Identifier-to-LISA-category classifications restored from the bundled complete 0.1 candidate dictionary	Collection-specific conditions remain applicable	MSigDB and KEGG	The bundle retains attribution; public-release and collection-specific assessment remains separate; downstream users remain responsible for applicable terms
BioCarta identifiers	MSigDB / BioCarta	Original historical retrieval: unrecorded; technical reconstruction: MSigDB 2026.1	Referenced identifiers occur in the bundled LISA classifications; no gene memberships	Identifier-to-LISA-category classifications restored from the bundled complete 0.1 candidate dictionary	Collection-specific acknowledgement and disclaimer conditions remain applicable	MSigDB and BioCarta	The bundle retains attribution and disclaimer boundary; public-release assessment remains separate; downstream users remain responsible for applicable terms
Scientific TERM2GENE membership	External registered resource	Version selected by the active registry	None; catalog/provenance only	Not downloaded or embedded by the package build	Provider-specific terms and attribution	Applicable resource provider	External installation only; never covered by the software licence
KEGG pathway maps	KEGG	Runtime only	None; catalog/provenance only	Optionally retrieved and rendered during an authorised user run	KEGG terms	KEGG	External runtime material; never bundle in source package
Quick Start synthetic fixtures	lisaR project	Dictionary 2.0.0/3.0.0, TERM2GENE 1.0.0/2.0.0 and category map 1.0.0	Synthetic dictionary, category map and TERM2GENE under inst/extdata/quick-start	Original small offline sample data; dictionary 3.0.0 and TERM2GENE 2.0.0 give every semantic collection distinct gene-set IDs and matching collection metadata	GPL-3.0-or-later, as part of the lisaR package	lisaR project	Bundled synthetic fixture; no third-party scientific content
Profile registration review	lisaR project	2026-09-09 review	No new scientific bytes; only `RESOURCE_BUNDLE_MANIFEST.tsv` registration for the existing lisa_core@1.0.0, lisa_expanded@1.0.0 and lisa_category_map@1.0.0 artifacts	The immutable classifications relate gene-set identifiers to LISA categories and do not depend on the assay generating a ranked gene list. Each artifact is therefore registered as modality=all; runtime still validates the selected TERM2GENE symbols/identifiers, exact resource bytes and collision guards.	Existing package and third-party boundaries unchanged	LISA project; retain existing MSigDB/KEGG/BioCarta attribution	Modality registration does not create a proteomic dataset or grant redistribution rights
Minimal synthetic TERM2GENE	lisaR project	0.1.0	Synthetic TERM2GENE under inst/extdata/minimal	Original minimal test data	GPL-3.0-or-later, as part of the lisaR package	lisaR project	Bundled synthetic fixture; no third-party scientific content
Custom-resource synthetic fixtures	lisaR project	Dictionary, category map and TERM2GENE 1.0.0	Synthetic dictionary, category map, TERM2GENE and reviewed SHA-256 manifest under inst/extdata/custom-resources	Original small offline format-validation bundle covering four semantic collections and supercategories	GPL-3.0-or-later, as part of the lisaR package	lisaR project	Bundled synthetic fixture; no third-party scientific content
First-publication resource identities	lisaR project	2026-09-13 first-publication release	No new or altered scientific bytes. The active dictionaries are republished as lisa_dictionary_core@1.0.0, lisa_dictionary_expanded@1.0.0, lisa_dictionary_quickstart@1.0.0 and lisa_dictionary_custom_example@1.0.0; lisa_category_map@1.0.0 keeps its identity and only its filename changes.	Identity and artifact filename only. Contents, schema, gene-set assignments, tier, category labels and ordering are byte-identical; the recorded SHA-256 values are unchanged. The previously published identities lisa_core@2.0.0, lisa_expanded@2.0.0, lisa_quickstart_dictionary@4.0.0, lisa_example_custom_dictionary@2.0.0 and the version-less lisa_core/lisa_expanded resolve to these same bytes through a closed code-authenticated alias that re-checks digest and schema. The historical pins lisa_core/lisa_expanded @0.1.0 and @1.0.0 are untouched and still read their own score-carrying bytes. Schema numbers, the package version and the MSigDB 2026.1 release are separate version spaces and are not renumbered.	Existing package and third-party boundaries unchanged	LISA project; retain existing MSigDB/KEGG/BioCarta attribution	Resource renaming does not change redistribution rights
