logical_id	version	species	modality	schema	sha256	compatibility	approved_origin	artifact
lisa_category_map	1.0.0	Homo sapiens	all	category_map@1	d61fcb2e1d40d0448d459daaab952975477203bb00b76cb53145aea8f61333b1	lisaR>=0.6.0	LISA project candidate; CSIC-owned classification; profile-independent gene-set/category relationships; RESOURCE_PROVENANCE.tsv	extdata/dictionaries/lisa_category_map_runtime_v1_0.tsv
lisa_dictionary_core	1.0.0	Homo sapiens	all	lisa_dictionary@2	f24b5bd8d9ac66b6d64c1a91c56ab567aa64a37f05dee5ce0ed3011b2bed8994	lisaR>=0.6.0	LISA project candidate; CSIC-owned classification; profile-independent gene-set/category relationships; RESOURCE_PROVENANCE.tsv	extdata/dictionaries/lisa_dictionary_core_runtime_v1_0.tsv
lisa_dictionary_expanded	1.0.0	Homo sapiens	all	lisa_dictionary@2	0914c2d2e40369041a2313e913898f9c8e4065779e3973b076b70ea473045736	lisaR>=0.6.0	LISA project candidate; CSIC-owned classification; profile-independent gene-set/category relationships; RESOURCE_PROVENANCE.tsv	extdata/dictionaries/lisa_dictionary_expanded_runtime_v1_0.tsv
lisa_dictionary_quickstart	1.0.0	Homo sapiens	transcriptomic/genomic	lisa_dictionary@2	72f36fe1a82cece837435e09939450e7bf8b90e57d179c218fd907c909235d0d	lisaR>=0.6.0	synthetic lisaR sample fixture	extdata/quick-start/lisa_dictionary_quickstart_v1_0.tsv
lisa_quickstart_category_map	1.0.0	Homo sapiens	transcriptomic/genomic	category_map@1	f0d584dbc66866063bd507df699457b584a448f535c65f84365844a2f5f802fd	lisaR>=0.6.0	synthetic lisaR sample fixture	extdata/quick-start/example_category_map.tsv
lisa_quickstart_dictionary	2.0.0	Homo sapiens	transcriptomic/genomic	lisa_dictionary@1	0bca8d98f782c5b1063f5ff8994cf963dec6f73dba92b12993227ae7e20c16ab	lisaR>=0.6.0	synthetic lisaR sample fixture	extdata/quick-start/example_dictionary_v2_0.tsv
lisa_quickstart_dictionary	3.0.0	Homo sapiens	transcriptomic/genomic	lisa_dictionary@1	52345e39730bc2ad8bf3e9a2d0039a46c779f80763fedb853a489a2e6bd905f2	lisaR>=0.6.0	synthetic lisaR sample fixture	extdata/quick-start/example_dictionary_v3_0.tsv
lisa_quickstart_term2gene	1.0.0	Homo sapiens	transcriptomic/genomic	term2gene@1	d85c556ccc12c619b816f54e0c27f9b7f36377fa9b193d5066cf8671d3e5391c	lisaR>=0.6.0	synthetic lisaR sample fixture	extdata/quick-start/example_term2gene.tsv
lisa_quickstart_term2gene	2.0.0	Homo sapiens	transcriptomic/genomic	term2gene@1	7859671b40e8e1d6f0a8efc168d02647bdd004cc23ff45dd58e35e2fd2dd2e8b	lisaR>=0.6.0	synthetic lisaR sample fixture	extdata/quick-start/example_term2gene_v2_0.tsv
lisa_dictionary_quickstart	1.1.0	Homo sapiens	transcriptomic/genomic	lisa_dictionary@2	09f1b17f89d81e861b533db193e4d2af200084ffffb974e0ec0c97f50ec6db84	lisaR>=0.6.0	synthetic lisaR sample fixture	extdata/quick-start/lisa_dictionary_quickstart_v1_1.tsv
lisa_quickstart_category_map	1.1.0	Homo sapiens	transcriptomic/genomic	category_map@1	d79a663529678b0728176382d75d853bb94f31bb47ada0f04e7564ce37433b0e	lisaR>=0.6.0	synthetic lisaR sample fixture	extdata/quick-start/example_category_map_v1_1.tsv
lisa_quickstart_term2gene	2.1.0	Homo sapiens	transcriptomic/genomic	term2gene@1	1e1434af1ec53c931004eae23f2e8cb2c163314b2424789bdf9fcc41164699ec	lisaR>=0.6.0	synthetic lisaR sample fixture	extdata/quick-start/example_term2gene_v2_1.tsv
