change_kind	logical_id	old_resource_id	new_resource_id	old_version	new_version	species	modality	schema	old_sha256	new_sha256	old_artifact	new_artifact	artifact_renamed	content_transformed	old_state	new_state	approved_origin	rationale
relabel	lisa_category_map	lisa_category_map@0.1.1	lisa_category_map@1.0.0	0.1.1	1.0.0	Homo sapiens	all	category_map@1	d61fcb2e1d40d0448d459daaab952975477203bb00b76cb53145aea8f61333b1	d61fcb2e1d40d0448d459daaab952975477203bb00b76cb53145aea8f61333b1	extdata/dictionaries/lisa_category_map_runtime_v1_0.tsv	extdata/dictionaries/lisa_category_map_runtime_v1_0.tsv	FALSE	FALSE	superseded_compatibility	active	LISA project candidate; CSIC-owned classification; profile-independent gene-set/category relationships; RESOURCE_PROVENANCE.tsv	First-publication version for the active category map. The historical external map lisa_category_map@0.1.0 stays private, byte-preserved and unreferenced as a bundled resource; lisa_category_map@1.0.0 has never existed. Category labels, order and supercategories are unchanged. The artifact was renamed from lisa_category_map_runtime_v0_1_1.tsv to lisa_category_map_runtime_v1_0.tsv by the later first-publication release (see the republish_first_version row); that rename changed no bytes and no identity.
relabel	lisa_core	lisa_core@0.1.0	lisa_core@1.0.0	0.1.0	1.0.0	Homo sapiens	all	lisa_dictionary@1	32d5ccafaec18fd6bdc51d3a23d80c21b7e996f5fe061a510c1b24ef3fafc876	32d5ccafaec18fd6bdc51d3a23d80c21b7e996f5fe061a510c1b24ef3fafc876	extdata/dictionaries/lisa_core_runtime_v0_1.tsv	extdata/dictionaries/lisa_core_runtime_v0_1.tsv	FALSE	FALSE	superseded_compatibility	active	LISA project candidate; CSIC-owned classification; profile-independent gene-set/category relationships; RESOURCE_PROVENANCE.tsv	First-publication version for the LISA project's own core dictionary. lisa_core has carried exactly one version (0.1.0) in the whole recorded history and lisa_core@1.0.0 has never existed, so 1.0.0 is free for this logical identity. Bytes, assignments, tier and LISA_score are unchanged.
relabel	lisa_expanded	lisa_expanded@0.1.0	lisa_expanded@1.0.0	0.1.0	1.0.0	Homo sapiens	all	lisa_dictionary@1	f8dd8bdbf61278d080c6349cebe9fd74993dc40bb07051164412e783358edaf4	f8dd8bdbf61278d080c6349cebe9fd74993dc40bb07051164412e783358edaf4	extdata/dictionaries/lisa_expanded_runtime_v0_1.tsv	extdata/dictionaries/lisa_expanded_runtime_v0_1.tsv	FALSE	FALSE	superseded_compatibility	active	LISA project candidate; CSIC-owned classification; profile-independent gene-set/category relationships; RESOURCE_PROVENANCE.tsv	First-publication version for the expanded dictionary. Same identity history argument as lisa_core; lisa_expanded@1.0.0 has never existed. Bytes and assignments unchanged.
hold	lisa_quickstart_category_map	lisa_quickstart_category_map@1.0.0	lisa_quickstart_category_map@1.0.0	1.0.0	1.0.0	Homo sapiens	transcriptomic/genomic	category_map@1	f0d584dbc66866063bd507df699457b584a448f535c65f84365844a2f5f802fd	f0d584dbc66866063bd507df699457b584a448f535c65f84365844a2f5f802fd	extdata/quick-start/example_category_map.tsv	extdata/quick-start/example_category_map.tsv	FALSE	FALSE	active	active	synthetic lisaR sample fixture	Already at its first-publication version; nothing to migrate.
hold	lisa_quickstart_dictionary	lisa_quickstart_dictionary@3.0.0	lisa_quickstart_dictionary@3.0.0	3.0.0	3.0.0	Homo sapiens	transcriptomic/genomic	lisa_dictionary@1	52345e39730bc2ad8bf3e9a2d0039a46c779f80763fedb853a489a2e6bd905f2	52345e39730bc2ad8bf3e9a2d0039a46c779f80763fedb853a489a2e6bd905f2	extdata/quick-start/example_dictionary_v3_0.tsv	extdata/quick-start/example_dictionary_v3_0.tsv	FALSE	FALSE	active	active	synthetic lisaR sample fixture	REFUSED 1.0.0. lisa_quickstart_dictionary@1.0.0 already exists for this same logical identity with different bytes (extdata/quick-start/example_dictionary.tsv). Re-minting it would point a published identity at different content. The fixture also teaches version migration, so its ascending versions are meaningful, not cosmetic.
hold	lisa_quickstart_term2gene	lisa_quickstart_term2gene@2.0.0	lisa_quickstart_term2gene@2.0.0	2.0.0	2.0.0	Homo sapiens	transcriptomic/genomic	term2gene@1	7859671b40e8e1d6f0a8efc168d02647bdd004cc23ff45dd58e35e2fd2dd2e8b	7859671b40e8e1d6f0a8efc168d02647bdd004cc23ff45dd58e35e2fd2dd2e8b	extdata/quick-start/example_term2gene_v2_0.tsv	extdata/quick-start/example_term2gene_v2_0.tsv	FALSE	FALSE	active	active	synthetic lisaR sample fixture	REFUSED 1.0.0. lisa_quickstart_term2gene@1.0.0 already exists for this same logical identity with different bytes (extdata/quick-start/example_term2gene.tsv).
supersede_transform	lisa_core	lisa_core@1.0.0	lisa_core@2.0.0	1.0.0	2.0.0	Homo sapiens	all	lisa_dictionary@2	32d5ccafaec18fd6bdc51d3a23d80c21b7e996f5fe061a510c1b24ef3fafc876	f24b5bd8d9ac66b6d64c1a91c56ab567aa64a37f05dee5ce0ed3011b2bed8994	extdata/dictionaries/lisa_core_runtime_v0_1.tsv	extdata/dictionaries/lisa_dictionary_core_runtime_v1_0.tsv	TRUE	TRUE	retired_transformed	active	LISA project candidate; CSIC-owned classification; profile-independent gene-set/category relationships; RESOURCE_PROVENANCE.tsv	C6 removed the runtime LISA_score column, which was an exact redundant encoding of tier (core=4, expanded=3, verified over every row). The new resource is the old one with that single column deleted: same rows, same assignments, same keys, same multiplicity, same order, same tier. Because the bytes differ this is NOT a relabel and is deliberately not redirected; the old identity is retired and its artifact preserved unmodified, so no published identity can ever resolve to different content. The transformed bytes were later renamed from lisa_core_runtime_v2_0.tsv to lisa_dictionary_core_runtime_v1_0.tsv by the first-publication release (see the republish_first_version row); that rename changed no bytes. This row's new_resource_id records the identity C6 assigned, which is now a superseded compatibility alias.
supersede_transform	lisa_expanded	lisa_expanded@1.0.0	lisa_expanded@2.0.0	1.0.0	2.0.0	Homo sapiens	all	lisa_dictionary@2	f8dd8bdbf61278d080c6349cebe9fd74993dc40bb07051164412e783358edaf4	0914c2d2e40369041a2313e913898f9c8e4065779e3973b076b70ea473045736	extdata/dictionaries/lisa_expanded_runtime_v0_1.tsv	extdata/dictionaries/lisa_dictionary_expanded_runtime_v1_0.tsv	TRUE	TRUE	retired_transformed	active	LISA project candidate; CSIC-owned classification; profile-independent gene-set/category relationships; RESOURCE_PROVENANCE.tsv	C6 removed the runtime LISA_score column, which was an exact redundant encoding of tier (core=4, expanded=3, verified over every row). The new resource is the old one with that single column deleted: same rows, same assignments, same keys, same multiplicity, same order, same tier. Because the bytes differ this is NOT a relabel and is deliberately not redirected; the old identity is retired and its artifact preserved unmodified, so no published identity can ever resolve to different content. The transformed bytes were later renamed from lisa_expanded_runtime_v2_0.tsv to lisa_dictionary_expanded_runtime_v1_0.tsv by the first-publication release (see the republish_first_version row); that rename changed no bytes. This row's new_resource_id records the identity C6 assigned, which is now a superseded compatibility alias.
republish_first_version	lisa_dictionary_core	lisa_core@2.0.0	lisa_dictionary_core@1.0.0	2.0.0	1.0.0	Homo sapiens	all	lisa_dictionary@2	f24b5bd8d9ac66b6d64c1a91c56ab567aa64a37f05dee5ce0ed3011b2bed8994	f24b5bd8d9ac66b6d64c1a91c56ab567aa64a37f05dee5ce0ed3011b2bed8994	extdata/dictionaries/lisa_core_runtime_v2_0.tsv	extdata/dictionaries/lisa_dictionary_core_runtime_v1_0.tsv	TRUE	FALSE	superseded_compatibility	active	LISA project candidate; CSIC-owned classification; profile-independent gene-set/category relationships; RESOURCE_PROVENANCE.tsv	These are the first LISA dictionaries ever published, so the current contents are version 1.0.0. They take a new first-publication logical namespace instead of reusing the old one: lisa_core@1.0.0 and lisa_expanded@1.0.0 are immutable published pins to different, score-carrying bytes and are never re-minted. Bytes, schema, gene-set assignments, tier and labels are unchanged; only the identity and the artifact filename move. The old identity, and its version-less form, keep resolving to these exact bytes through the closed code-authenticated alias in lisa_current_release_dictionary_aliases(). This ledger row documents that mapping and is not its trust root.
republish_first_version	lisa_dictionary_expanded	lisa_expanded@2.0.0	lisa_dictionary_expanded@1.0.0	2.0.0	1.0.0	Homo sapiens	all	lisa_dictionary@2	0914c2d2e40369041a2313e913898f9c8e4065779e3973b076b70ea473045736	0914c2d2e40369041a2313e913898f9c8e4065779e3973b076b70ea473045736	extdata/dictionaries/lisa_expanded_runtime_v2_0.tsv	extdata/dictionaries/lisa_dictionary_expanded_runtime_v1_0.tsv	TRUE	FALSE	superseded_compatibility	active	LISA project candidate; CSIC-owned classification; profile-independent gene-set/category relationships; RESOURCE_PROVENANCE.tsv	These are the first LISA dictionaries ever published, so the current contents are version 1.0.0. They take a new first-publication logical namespace instead of reusing the old one: lisa_core@1.0.0 and lisa_expanded@1.0.0 are immutable published pins to different, score-carrying bytes and are never re-minted. Bytes, schema, gene-set assignments, tier and labels are unchanged; only the identity and the artifact filename move. The old identity, and its version-less form, keep resolving to these exact bytes through the closed code-authenticated alias in lisa_current_release_dictionary_aliases(). This ledger row documents that mapping and is not its trust root.
republish_first_version	lisa_dictionary_quickstart	lisa_quickstart_dictionary@4.0.0	lisa_dictionary_quickstart@1.0.0	4.0.0	1.0.0	Homo sapiens	transcriptomic/genomic	lisa_dictionary@2	72f36fe1a82cece837435e09939450e7bf8b90e57d179c218fd907c909235d0d	72f36fe1a82cece837435e09939450e7bf8b90e57d179c218fd907c909235d0d	extdata/quick-start/example_dictionary_v4_0.tsv	extdata/quick-start/lisa_dictionary_quickstart_v1_0.tsv	TRUE	FALSE	superseded_compatibility	active	synthetic lisaR sample fixture	Synthetic Quick Start dictionary republished as first-publication v1 alongside the scientific dictionaries. Bytes and schema are unchanged. The earlier synthetic pins lisa_quickstart_dictionary@2.0.0 and @3.0.0 remain ordinary active registry rows and are untouched; @4.0.0 resolves through the closed alias.
republish_first_version	lisa_dictionary_custom_example	lisa_example_custom_dictionary@2.0.0	lisa_dictionary_custom_example@1.0.0	2.0.0	1.0.0	Homo sapiens	transcriptomic/genomic	lisa_dictionary@2	2f1b4161824e700f8252374dd3f878088ae89f54d7f384d16a712000e1de7026	2f1b4161824e700f8252374dd3f878088ae89f54d7f384d16a712000e1de7026	extdata/custom-resources/example_custom_dictionary_v2_0.tsv	extdata/custom-resources/lisa_dictionary_custom_example_v1_0.tsv	TRUE	FALSE	superseded_compatibility	active	synthetic lisaR sample fixture	Synthetic custom-dictionary sample fixture republished as first-publication v1. Registered by its own local EXAMPLE_RESOURCE_MANIFEST.tsv, never by the global bundle manifest, so it is not a reserved built-in identity. The retained legacy fixture example_custom_dictionary.tsv keeps its own distinct score-carrying bytes and its lisa_example_custom_dictionary@1.0.0 label.
republish_first_version	lisa_category_map	lisa_category_map@1.0.0	lisa_category_map@1.0.0	1.0.0	1.0.0	Homo sapiens	all	category_map@1	d61fcb2e1d40d0448d459daaab952975477203bb00b76cb53145aea8f61333b1	d61fcb2e1d40d0448d459daaab952975477203bb00b76cb53145aea8f61333b1	extdata/dictionaries/lisa_category_map_runtime_v0_1_1.tsv	extdata/dictionaries/lisa_category_map_runtime_v1_0.tsv	TRUE	FALSE	active	active	LISA project candidate; CSIC-owned classification; profile-independent gene-set/category relationships; RESOURCE_PROVENANCE.tsv	Artifact rename only. The active category map was already at its first-publication version 1.0.0, so its logical identity, version, contents, labels, order and supercategories are unchanged; only the filename stops encoding the retired internal 0.1.1 number. No alias is needed because no identity moved.
