role	artifact	resource_id	content_location	reconstructability	distribution_status
external_frozen_ledger	lisa_dictionary_core_v0_1.tsv		source archive outside package	input_to_resource_builder	not_bundled
external_frozen_ledger	lisa_pathways_dictionary_core_v0_1.tsv		source archive outside package	input_to_resource_builder	not_bundled
external_frozen_ledger	lisa_dictionary_expanded_v0_1.tsv		source archive outside package	input_to_resource_builder	not_bundled
external_frozen_ledger	lisa_pathways_dictionary_expanded_v0_1.tsv		source archive outside package	input_to_resource_builder	not_bundled
external_frozen_ledger	lisa_category_palette.tsv		source archive outside package	input_to_resource_builder	not_bundled
external_frozen_ledger	PATHWAYS_STRICT_SIGNALING_v0_3.tsv		source archive outside package	input_to_resource_builder	not_bundled
retired_runtime_resource	lisa_core_runtime_v0_1.tsv		package_extdata	byte_preserved_historical_record_superseded_by_lisa_dictionary_core@1.0.0	source_terms_apply
retired_runtime_resource	lisa_expanded_runtime_v0_1.tsv		package_extdata	byte_preserved_historical_record_superseded_by_lisa_dictionary_expanded@1.0.0	source_terms_apply
external_runtime_output	lisa_category_map_runtime_v0_1.tsv	lisa_category_map@0.1.0	external_archive	byte_preserved_from_external_frozen_inputs	source_terms_apply
bundled_runtime_resource	lisa_category_map_runtime_v1_0.tsv	lisa_category_map@1.0.0	package_extdata	byte_preserved_from_source_archive	source_terms_apply
build_evidence	CATEGORY_MAP_PRUNING.tsv		external_archive	generated_by_build_active_category_map.R	source_terms_apply
bundled_runtime_resource	lisa_dictionary_core_runtime_v1_0.tsv	lisa_dictionary_core@1.0.0	package_extdata	exact_column_projection_of_the_v0_1_candidate_no_rescoring	source_terms_apply
bundled_runtime_resource	lisa_dictionary_expanded_runtime_v1_0.tsv	lisa_dictionary_expanded@1.0.0	package_extdata	exact_column_projection_of_the_v0_1_candidate_no_rescoring	source_terms_apply
