gs_collection	gs_subcollection	gs_name	gs_exact_source	gene_symbol
GOBP-C2	SYNTHETIC	SYN_GOBP_SIGNAL_A	SYNTHETIC_SAMPLE	GENE01
GOBP-C2	SYNTHETIC	SYN_GOBP_SIGNAL_A	SYNTHETIC_SAMPLE	GENE02
GOBP-C2	SYNTHETIC	SYN_GOBP_SIGNAL_A	SYNTHETIC_SAMPLE	GENE03
GOBP-C2	SYNTHETIC	SYN_GOBP_SIGNAL_A	SYNTHETIC_SAMPLE	GENE04
GOBP-C2	SYNTHETIC	SYN_GOBP_SIGNAL_A	SYNTHETIC_SAMPLE	GENE05
GOBP-C2	SYNTHETIC	SYN_GOBP_SIGNAL_A	SYNTHETIC_SAMPLE	GENE06
GOBP-C2	SYNTHETIC	SYN_GOBP_SIGNAL_A	SYNTHETIC_SAMPLE	GENE07
GOBP-C2	SYNTHETIC	SYN_GOBP_SIGNAL_A	SYNTHETIC_SAMPLE	GENE08
GOBP-C2	SYNTHETIC	SYN_GOBP_SIGNAL_A	SYNTHETIC_SAMPLE	GENE09
GOBP-C2	SYNTHETIC	SYN_GOBP_SIGNAL_A	SYNTHETIC_SAMPLE	GENE10
GOBP-C2	SYNTHETIC	SYN_GOBP_SIGNAL_A	SYNTHETIC_SAMPLE	GENE11
GOBP-C2	SYNTHETIC	SYN_GOBP_SIGNAL_A	SYNTHETIC_SAMPLE	GENE12
GOBP-C2	SYNTHETIC	SYN_GOBP_SIGNAL_B	SYNTHETIC_SAMPLE	GENE01
GOBP-C2	SYNTHETIC	SYN_GOBP_SIGNAL_B	SYNTHETIC_SAMPLE	GENE02
GOBP-C2	SYNTHETIC	SYN_GOBP_SIGNAL_B	SYNTHETIC_SAMPLE	GENE03
GOBP-C2	SYNTHETIC	SYN_GOBP_SIGNAL_B	SYNTHETIC_SAMPLE	GENE04
GOBP-C2	SYNTHETIC	SYN_GOBP_SIGNAL_B	SYNTHETIC_SAMPLE	GENE05
GOBP-C2	SYNTHETIC	SYN_GOBP_SIGNAL_B	SYNTHETIC_SAMPLE	GENE06
GOBP-C2	SYNTHETIC	SYN_GOBP_SIGNAL_B	SYNTHETIC_SAMPLE	GENE07
GOBP-C2	SYNTHETIC	SYN_GOBP_SIGNAL_B	SYNTHETIC_SAMPLE	GENE08
GOBP-C2	SYNTHETIC	SYN_GOBP_SIGNAL_B	SYNTHETIC_SAMPLE	GENE25
GOBP-C2	SYNTHETIC	SYN_GOBP_SIGNAL_B	SYNTHETIC_SAMPLE	GENE26
GOBP-C2	SYNTHETIC	SYN_GOBP_SIGNAL_B	SYNTHETIC_SAMPLE	GENE27
GOBP-C2	SYNTHETIC	SYN_GOBP_SIGNAL_B	SYNTHETIC_SAMPLE	GENE28
GOBP-C2	SYNTHETIC	SYN_GOBP_SIGNAL_C	SYNTHETIC_SAMPLE	GENE05
GOBP-C2	SYNTHETIC	SYN_GOBP_SIGNAL_C	SYNTHETIC_SAMPLE	GENE06
GOBP-C2	SYNTHETIC	SYN_GOBP_SIGNAL_C	SYNTHETIC_SAMPLE	GENE07
GOBP-C2	SYNTHETIC	SYN_GOBP_SIGNAL_C	SYNTHETIC_SAMPLE	GENE08
GOBP-C2	SYNTHETIC	SYN_GOBP_SIGNAL_C	SYNTHETIC_SAMPLE	GENE09
GOBP-C2	SYNTHETIC	SYN_GOBP_SIGNAL_C	SYNTHETIC_SAMPLE	GENE10
GOBP-C2	SYNTHETIC	SYN_GOBP_SIGNAL_C	SYNTHETIC_SAMPLE	GENE11
GOBP-C2	SYNTHETIC	SYN_GOBP_SIGNAL_C	SYNTHETIC_SAMPLE	GENE12
GOBP-C2	SYNTHETIC	SYN_GOBP_SIGNAL_C	SYNTHETIC_SAMPLE	GENE29
GOBP-C2	SYNTHETIC	SYN_GOBP_SIGNAL_C	SYNTHETIC_SAMPLE	GENE30
GOBP-C2	SYNTHETIC	SYN_GOBP_SIGNAL_C	SYNTHETIC_SAMPLE	GENE31
GOBP-C2	SYNTHETIC	SYN_GOBP_SIGNAL_C	SYNTHETIC_SAMPLE	GENE32
GOBP-C2	SYNTHETIC	SYN_GOBP_STRESS_A	SYNTHETIC_SAMPLE	GENE13
GOBP-C2	SYNTHETIC	SYN_GOBP_STRESS_A	SYNTHETIC_SAMPLE	GENE14
GOBP-C2	SYNTHETIC	SYN_GOBP_STRESS_A	SYNTHETIC_SAMPLE	GENE15
GOBP-C2	SYNTHETIC	SYN_GOBP_STRESS_A	SYNTHETIC_SAMPLE	GENE16
GOBP-C2	SYNTHETIC	SYN_GOBP_STRESS_A	SYNTHETIC_SAMPLE	GENE17
GOBP-C2	SYNTHETIC	SYN_GOBP_STRESS_A	SYNTHETIC_SAMPLE	GENE18
GOBP-C2	SYNTHETIC	SYN_GOBP_STRESS_A	SYNTHETIC_SAMPLE	GENE19
GOBP-C2	SYNTHETIC	SYN_GOBP_STRESS_A	SYNTHETIC_SAMPLE	GENE20
GOBP-C2	SYNTHETIC	SYN_GOBP_STRESS_A	SYNTHETIC_SAMPLE	GENE21
GOBP-C2	SYNTHETIC	SYN_GOBP_STRESS_A	SYNTHETIC_SAMPLE	GENE22
GOBP-C2	SYNTHETIC	SYN_GOBP_STRESS_A	SYNTHETIC_SAMPLE	GENE23
GOBP-C2	SYNTHETIC	SYN_GOBP_STRESS_A	SYNTHETIC_SAMPLE	GENE24
GOBP-C2	SYNTHETIC	SYN_GOBP_STRESS_B	SYNTHETIC_SAMPLE	GENE13
GOBP-C2	SYNTHETIC	SYN_GOBP_STRESS_B	SYNTHETIC_SAMPLE	GENE14
GOBP-C2	SYNTHETIC	SYN_GOBP_STRESS_B	SYNTHETIC_SAMPLE	GENE15
GOBP-C2	SYNTHETIC	SYN_GOBP_STRESS_B	SYNTHETIC_SAMPLE	GENE16
GOBP-C2	SYNTHETIC	SYN_GOBP_STRESS_B	SYNTHETIC_SAMPLE	GENE17
GOBP-C2	SYNTHETIC	SYN_GOBP_STRESS_B	SYNTHETIC_SAMPLE	GENE18
GOBP-C2	SYNTHETIC	SYN_GOBP_STRESS_B	SYNTHETIC_SAMPLE	GENE19
GOBP-C2	SYNTHETIC	SYN_GOBP_STRESS_B	SYNTHETIC_SAMPLE	GENE20
GOBP-C2	SYNTHETIC	SYN_GOBP_STRESS_B	SYNTHETIC_SAMPLE	GENE33
GOBP-C2	SYNTHETIC	SYN_GOBP_STRESS_B	SYNTHETIC_SAMPLE	GENE34
GOBP-C2	SYNTHETIC	SYN_GOBP_STRESS_B	SYNTHETIC_SAMPLE	GENE35
GOBP-C2	SYNTHETIC	SYN_GOBP_STRESS_B	SYNTHETIC_SAMPLE	GENE36
GOBP-C2	SYNTHETIC	SYN_GOBP_STRESS_C	SYNTHETIC_SAMPLE	GENE17
GOBP-C2	SYNTHETIC	SYN_GOBP_STRESS_C	SYNTHETIC_SAMPLE	GENE18
GOBP-C2	SYNTHETIC	SYN_GOBP_STRESS_C	SYNTHETIC_SAMPLE	GENE19
GOBP-C2	SYNTHETIC	SYN_GOBP_STRESS_C	SYNTHETIC_SAMPLE	GENE20
GOBP-C2	SYNTHETIC	SYN_GOBP_STRESS_C	SYNTHETIC_SAMPLE	GENE21
GOBP-C2	SYNTHETIC	SYN_GOBP_STRESS_C	SYNTHETIC_SAMPLE	GENE22
GOBP-C2	SYNTHETIC	SYN_GOBP_STRESS_C	SYNTHETIC_SAMPLE	GENE23
GOBP-C2	SYNTHETIC	SYN_GOBP_STRESS_C	SYNTHETIC_SAMPLE	GENE24
GOBP-C2	SYNTHETIC	SYN_GOBP_STRESS_C	SYNTHETIC_SAMPLE	GENE37
GOBP-C2	SYNTHETIC	SYN_GOBP_STRESS_C	SYNTHETIC_SAMPLE	GENE38
GOBP-C2	SYNTHETIC	SYN_GOBP_STRESS_C	SYNTHETIC_SAMPLE	GENE39
GOBP-C2	SYNTHETIC	SYN_GOBP_STRESS_C	SYNTHETIC_SAMPLE	GENE40
GOBP-C2	SYNTHETIC	SYN_GOBP_PROLIF_A	SYNTHETIC_SAMPLE	GENE01
GOBP-C2	SYNTHETIC	SYN_GOBP_PROLIF_A	SYNTHETIC_SAMPLE	GENE02
GOBP-C2	SYNTHETIC	SYN_GOBP_PROLIF_A	SYNTHETIC_SAMPLE	GENE03
GOBP-C2	SYNTHETIC	SYN_GOBP_PROLIF_A	SYNTHETIC_SAMPLE	GENE04
GOBP-C2	SYNTHETIC	SYN_GOBP_PROLIF_A	SYNTHETIC_SAMPLE	GENE05
GOBP-C2	SYNTHETIC	SYN_GOBP_PROLIF_A	SYNTHETIC_SAMPLE	GENE06
GOBP-C2	SYNTHETIC	SYN_GOBP_PROLIF_A	SYNTHETIC_SAMPLE	GENE25
GOBP-C2	SYNTHETIC	SYN_GOBP_PROLIF_A	SYNTHETIC_SAMPLE	GENE26
GOBP-C2	SYNTHETIC	SYN_GOBP_PROLIF_A	SYNTHETIC_SAMPLE	GENE27
GOBP-C2	SYNTHETIC	SYN_GOBP_PROLIF_A	SYNTHETIC_SAMPLE	GENE28
GOBP-C2	SYNTHETIC	SYN_GOBP_PROLIF_A	SYNTHETIC_SAMPLE	GENE29
GOBP-C2	SYNTHETIC	SYN_GOBP_PROLIF_A	SYNTHETIC_SAMPLE	GENE30
GOBP-C2	SYNTHETIC	SYN_GOBP_PROLIF_B	SYNTHETIC_SAMPLE	GENE03
GOBP-C2	SYNTHETIC	SYN_GOBP_PROLIF_B	SYNTHETIC_SAMPLE	GENE04
GOBP-C2	SYNTHETIC	SYN_GOBP_PROLIF_B	SYNTHETIC_SAMPLE	GENE05
GOBP-C2	SYNTHETIC	SYN_GOBP_PROLIF_B	SYNTHETIC_SAMPLE	GENE06
GOBP-C2	SYNTHETIC	SYN_GOBP_PROLIF_B	SYNTHETIC_SAMPLE	GENE07
GOBP-C2	SYNTHETIC	SYN_GOBP_PROLIF_B	SYNTHETIC_SAMPLE	GENE08
GOBP-C2	SYNTHETIC	SYN_GOBP_PROLIF_B	SYNTHETIC_SAMPLE	GENE27
GOBP-C2	SYNTHETIC	SYN_GOBP_PROLIF_B	SYNTHETIC_SAMPLE	GENE28
GOBP-C2	SYNTHETIC	SYN_GOBP_PROLIF_B	SYNTHETIC_SAMPLE	GENE29
GOBP-C2	SYNTHETIC	SYN_GOBP_PROLIF_B	SYNTHETIC_SAMPLE	GENE30
GOBP-C2	SYNTHETIC	SYN_GOBP_PROLIF_B	SYNTHETIC_SAMPLE	GENE31
GOBP-C2	SYNTHETIC	SYN_GOBP_PROLIF_B	SYNTHETIC_SAMPLE	GENE32
GOBP-C2	SYNTHETIC	SYN_GOBP_PROLIF_C	SYNTHETIC_SAMPLE	GENE07
GOBP-C2	SYNTHETIC	SYN_GOBP_PROLIF_C	SYNTHETIC_SAMPLE	GENE08
GOBP-C2	SYNTHETIC	SYN_GOBP_PROLIF_C	SYNTHETIC_SAMPLE	GENE09
GOBP-C2	SYNTHETIC	SYN_GOBP_PROLIF_C	SYNTHETIC_SAMPLE	GENE10
GOBP-C2	SYNTHETIC	SYN_GOBP_PROLIF_C	SYNTHETIC_SAMPLE	GENE11
GOBP-C2	SYNTHETIC	SYN_GOBP_PROLIF_C	SYNTHETIC_SAMPLE	GENE12
GOBP-C2	SYNTHETIC	SYN_GOBP_PROLIF_C	SYNTHETIC_SAMPLE	GENE31
GOBP-C2	SYNTHETIC	SYN_GOBP_PROLIF_C	SYNTHETIC_SAMPLE	GENE32
GOBP-C2	SYNTHETIC	SYN_GOBP_PROLIF_C	SYNTHETIC_SAMPLE	GENE33
GOBP-C2	SYNTHETIC	SYN_GOBP_PROLIF_C	SYNTHETIC_SAMPLE	GENE34
GOBP-C2	SYNTHETIC	SYN_GOBP_PROLIF_C	SYNTHETIC_SAMPLE	GENE35
GOBP-C2	SYNTHETIC	SYN_GOBP_PROLIF_C	SYNTHETIC_SAMPLE	GENE36
GOBP-C2	SYNTHETIC	SYN_GOBP_MATRIX_A	SYNTHETIC_SAMPLE	GENE25
GOBP-C2	SYNTHETIC	SYN_GOBP_MATRIX_A	SYNTHETIC_SAMPLE	GENE26
GOBP-C2	SYNTHETIC	SYN_GOBP_MATRIX_A	SYNTHETIC_SAMPLE	GENE27
GOBP-C2	SYNTHETIC	SYN_GOBP_MATRIX_A	SYNTHETIC_SAMPLE	GENE28
GOBP-C2	SYNTHETIC	SYN_GOBP_MATRIX_A	SYNTHETIC_SAMPLE	GENE29
GOBP-C2	SYNTHETIC	SYN_GOBP_MATRIX_A	SYNTHETIC_SAMPLE	GENE30
GOBP-C2	SYNTHETIC	SYN_GOBP_MATRIX_A	SYNTHETIC_SAMPLE	GENE31
GOBP-C2	SYNTHETIC	SYN_GOBP_MATRIX_A	SYNTHETIC_SAMPLE	GENE32
GOBP-C2	SYNTHETIC	SYN_GOBP_MATRIX_A	SYNTHETIC_SAMPLE	GENE33
GOBP-C2	SYNTHETIC	SYN_GOBP_MATRIX_A	SYNTHETIC_SAMPLE	GENE34
GOBP-C2	SYNTHETIC	SYN_GOBP_MATRIX_A	SYNTHETIC_SAMPLE	GENE35
GOBP-C2	SYNTHETIC	SYN_GOBP_MATRIX_A	SYNTHETIC_SAMPLE	GENE36
GOBP-C2	SYNTHETIC	SYN_GOBP_MATRIX_B	SYNTHETIC_SAMPLE	GENE29
GOBP-C2	SYNTHETIC	SYN_GOBP_MATRIX_B	SYNTHETIC_SAMPLE	GENE30
GOBP-C2	SYNTHETIC	SYN_GOBP_MATRIX_B	SYNTHETIC_SAMPLE	GENE31
GOBP-C2	SYNTHETIC	SYN_GOBP_MATRIX_B	SYNTHETIC_SAMPLE	GENE32
GOBP-C2	SYNTHETIC	SYN_GOBP_MATRIX_B	SYNTHETIC_SAMPLE	GENE33
GOBP-C2	SYNTHETIC	SYN_GOBP_MATRIX_B	SYNTHETIC_SAMPLE	GENE34
GOBP-C2	SYNTHETIC	SYN_GOBP_MATRIX_B	SYNTHETIC_SAMPLE	GENE35
GOBP-C2	SYNTHETIC	SYN_GOBP_MATRIX_B	SYNTHETIC_SAMPLE	GENE36
GOBP-C2	SYNTHETIC	SYN_GOBP_MATRIX_B	SYNTHETIC_SAMPLE	GENE37
GOBP-C2	SYNTHETIC	SYN_GOBP_MATRIX_B	SYNTHETIC_SAMPLE	GENE38
GOBP-C2	SYNTHETIC	SYN_GOBP_MATRIX_B	SYNTHETIC_SAMPLE	GENE39
GOBP-C2	SYNTHETIC	SYN_GOBP_MATRIX_B	SYNTHETIC_SAMPLE	GENE40
GOBP-C2	SYNTHETIC	SYN_GOBP_MATRIX_C	SYNTHETIC_SAMPLE	GENE25
GOBP-C2	SYNTHETIC	SYN_GOBP_MATRIX_C	SYNTHETIC_SAMPLE	GENE26
GOBP-C2	SYNTHETIC	SYN_GOBP_MATRIX_C	SYNTHETIC_SAMPLE	GENE27
GOBP-C2	SYNTHETIC	SYN_GOBP_MATRIX_C	SYNTHETIC_SAMPLE	GENE28
GOBP-C2	SYNTHETIC	SYN_GOBP_MATRIX_C	SYNTHETIC_SAMPLE	GENE29
GOBP-C2	SYNTHETIC	SYN_GOBP_MATRIX_C	SYNTHETIC_SAMPLE	GENE30
GOBP-C2	SYNTHETIC	SYN_GOBP_MATRIX_C	SYNTHETIC_SAMPLE	GENE35
GOBP-C2	SYNTHETIC	SYN_GOBP_MATRIX_C	SYNTHETIC_SAMPLE	GENE36
GOBP-C2	SYNTHETIC	SYN_GOBP_MATRIX_C	SYNTHETIC_SAMPLE	GENE37
GOBP-C2	SYNTHETIC	SYN_GOBP_MATRIX_C	SYNTHETIC_SAMPLE	GENE38
GOBP-C2	SYNTHETIC	SYN_GOBP_MATRIX_C	SYNTHETIC_SAMPLE	GENE39
GOBP-C2	SYNTHETIC	SYN_GOBP_MATRIX_C	SYNTHETIC_SAMPLE	GENE40
GOMF	SYNTHETIC	SYN_GOMF_SIGNAL_A	SYNTHETIC_SAMPLE	GENE01
GOMF	SYNTHETIC	SYN_GOMF_SIGNAL_A	SYNTHETIC_SAMPLE	GENE02
GOMF	SYNTHETIC	SYN_GOMF_SIGNAL_A	SYNTHETIC_SAMPLE	GENE03
GOMF	SYNTHETIC	SYN_GOMF_SIGNAL_A	SYNTHETIC_SAMPLE	GENE04
GOMF	SYNTHETIC	SYN_GOMF_SIGNAL_A	SYNTHETIC_SAMPLE	GENE05
GOMF	SYNTHETIC	SYN_GOMF_SIGNAL_A	SYNTHETIC_SAMPLE	GENE06
GOMF	SYNTHETIC	SYN_GOMF_SIGNAL_A	SYNTHETIC_SAMPLE	GENE07
GOMF	SYNTHETIC	SYN_GOMF_SIGNAL_A	SYNTHETIC_SAMPLE	GENE08
GOMF	SYNTHETIC	SYN_GOMF_SIGNAL_A	SYNTHETIC_SAMPLE	GENE09
GOMF	SYNTHETIC	SYN_GOMF_SIGNAL_A	SYNTHETIC_SAMPLE	GENE10
GOMF	SYNTHETIC	SYN_GOMF_SIGNAL_A	SYNTHETIC_SAMPLE	GENE11
GOMF	SYNTHETIC	SYN_GOMF_SIGNAL_A	SYNTHETIC_SAMPLE	GENE12
GOMF	SYNTHETIC	SYN_GOMF_SIGNAL_B	SYNTHETIC_SAMPLE	GENE01
GOMF	SYNTHETIC	SYN_GOMF_SIGNAL_B	SYNTHETIC_SAMPLE	GENE02
GOMF	SYNTHETIC	SYN_GOMF_SIGNAL_B	SYNTHETIC_SAMPLE	GENE03
GOMF	SYNTHETIC	SYN_GOMF_SIGNAL_B	SYNTHETIC_SAMPLE	GENE04
GOMF	SYNTHETIC	SYN_GOMF_SIGNAL_B	SYNTHETIC_SAMPLE	GENE05
GOMF	SYNTHETIC	SYN_GOMF_SIGNAL_B	SYNTHETIC_SAMPLE	GENE06
GOMF	SYNTHETIC	SYN_GOMF_SIGNAL_B	SYNTHETIC_SAMPLE	GENE07
GOMF	SYNTHETIC	SYN_GOMF_SIGNAL_B	SYNTHETIC_SAMPLE	GENE08
GOMF	SYNTHETIC	SYN_GOMF_SIGNAL_B	SYNTHETIC_SAMPLE	GENE25
GOMF	SYNTHETIC	SYN_GOMF_SIGNAL_B	SYNTHETIC_SAMPLE	GENE26
GOMF	SYNTHETIC	SYN_GOMF_SIGNAL_B	SYNTHETIC_SAMPLE	GENE27
GOMF	SYNTHETIC	SYN_GOMF_SIGNAL_B	SYNTHETIC_SAMPLE	GENE28
GOMF	SYNTHETIC	SYN_GOMF_SIGNAL_C	SYNTHETIC_SAMPLE	GENE05
GOMF	SYNTHETIC	SYN_GOMF_SIGNAL_C	SYNTHETIC_SAMPLE	GENE06
GOMF	SYNTHETIC	SYN_GOMF_SIGNAL_C	SYNTHETIC_SAMPLE	GENE07
GOMF	SYNTHETIC	SYN_GOMF_SIGNAL_C	SYNTHETIC_SAMPLE	GENE08
GOMF	SYNTHETIC	SYN_GOMF_SIGNAL_C	SYNTHETIC_SAMPLE	GENE09
GOMF	SYNTHETIC	SYN_GOMF_SIGNAL_C	SYNTHETIC_SAMPLE	GENE10
GOMF	SYNTHETIC	SYN_GOMF_SIGNAL_C	SYNTHETIC_SAMPLE	GENE11
GOMF	SYNTHETIC	SYN_GOMF_SIGNAL_C	SYNTHETIC_SAMPLE	GENE12
GOMF	SYNTHETIC	SYN_GOMF_SIGNAL_C	SYNTHETIC_SAMPLE	GENE29
GOMF	SYNTHETIC	SYN_GOMF_SIGNAL_C	SYNTHETIC_SAMPLE	GENE30
GOMF	SYNTHETIC	SYN_GOMF_SIGNAL_C	SYNTHETIC_SAMPLE	GENE31
GOMF	SYNTHETIC	SYN_GOMF_SIGNAL_C	SYNTHETIC_SAMPLE	GENE32
GOMF	SYNTHETIC	SYN_GOMF_STRESS_A	SYNTHETIC_SAMPLE	GENE13
GOMF	SYNTHETIC	SYN_GOMF_STRESS_A	SYNTHETIC_SAMPLE	GENE14
GOMF	SYNTHETIC	SYN_GOMF_STRESS_A	SYNTHETIC_SAMPLE	GENE15
GOMF	SYNTHETIC	SYN_GOMF_STRESS_A	SYNTHETIC_SAMPLE	GENE16
GOMF	SYNTHETIC	SYN_GOMF_STRESS_A	SYNTHETIC_SAMPLE	GENE17
GOMF	SYNTHETIC	SYN_GOMF_STRESS_A	SYNTHETIC_SAMPLE	GENE18
GOMF	SYNTHETIC	SYN_GOMF_STRESS_A	SYNTHETIC_SAMPLE	GENE19
GOMF	SYNTHETIC	SYN_GOMF_STRESS_A	SYNTHETIC_SAMPLE	GENE20
GOMF	SYNTHETIC	SYN_GOMF_STRESS_A	SYNTHETIC_SAMPLE	GENE21
GOMF	SYNTHETIC	SYN_GOMF_STRESS_A	SYNTHETIC_SAMPLE	GENE22
GOMF	SYNTHETIC	SYN_GOMF_STRESS_A	SYNTHETIC_SAMPLE	GENE23
GOMF	SYNTHETIC	SYN_GOMF_STRESS_A	SYNTHETIC_SAMPLE	GENE24
GOMF	SYNTHETIC	SYN_GOMF_STRESS_B	SYNTHETIC_SAMPLE	GENE13
GOMF	SYNTHETIC	SYN_GOMF_STRESS_B	SYNTHETIC_SAMPLE	GENE14
GOMF	SYNTHETIC	SYN_GOMF_STRESS_B	SYNTHETIC_SAMPLE	GENE15
GOMF	SYNTHETIC	SYN_GOMF_STRESS_B	SYNTHETIC_SAMPLE	GENE16
GOMF	SYNTHETIC	SYN_GOMF_STRESS_B	SYNTHETIC_SAMPLE	GENE17
GOMF	SYNTHETIC	SYN_GOMF_STRESS_B	SYNTHETIC_SAMPLE	GENE18
GOMF	SYNTHETIC	SYN_GOMF_STRESS_B	SYNTHETIC_SAMPLE	GENE19
GOMF	SYNTHETIC	SYN_GOMF_STRESS_B	SYNTHETIC_SAMPLE	GENE20
GOMF	SYNTHETIC	SYN_GOMF_STRESS_B	SYNTHETIC_SAMPLE	GENE33
GOMF	SYNTHETIC	SYN_GOMF_STRESS_B	SYNTHETIC_SAMPLE	GENE34
GOMF	SYNTHETIC	SYN_GOMF_STRESS_B	SYNTHETIC_SAMPLE	GENE35
GOMF	SYNTHETIC	SYN_GOMF_STRESS_B	SYNTHETIC_SAMPLE	GENE36
GOMF	SYNTHETIC	SYN_GOMF_STRESS_C	SYNTHETIC_SAMPLE	GENE17
GOMF	SYNTHETIC	SYN_GOMF_STRESS_C	SYNTHETIC_SAMPLE	GENE18
GOMF	SYNTHETIC	SYN_GOMF_STRESS_C	SYNTHETIC_SAMPLE	GENE19
GOMF	SYNTHETIC	SYN_GOMF_STRESS_C	SYNTHETIC_SAMPLE	GENE20
GOMF	SYNTHETIC	SYN_GOMF_STRESS_C	SYNTHETIC_SAMPLE	GENE21
GOMF	SYNTHETIC	SYN_GOMF_STRESS_C	SYNTHETIC_SAMPLE	GENE22
GOMF	SYNTHETIC	SYN_GOMF_STRESS_C	SYNTHETIC_SAMPLE	GENE23
GOMF	SYNTHETIC	SYN_GOMF_STRESS_C	SYNTHETIC_SAMPLE	GENE24
GOMF	SYNTHETIC	SYN_GOMF_STRESS_C	SYNTHETIC_SAMPLE	GENE37
GOMF	SYNTHETIC	SYN_GOMF_STRESS_C	SYNTHETIC_SAMPLE	GENE38
GOMF	SYNTHETIC	SYN_GOMF_STRESS_C	SYNTHETIC_SAMPLE	GENE39
GOMF	SYNTHETIC	SYN_GOMF_STRESS_C	SYNTHETIC_SAMPLE	GENE40
GOMF	SYNTHETIC	SYN_GOMF_PROLIF_A	SYNTHETIC_SAMPLE	GENE01
GOMF	SYNTHETIC	SYN_GOMF_PROLIF_A	SYNTHETIC_SAMPLE	GENE02
GOMF	SYNTHETIC	SYN_GOMF_PROLIF_A	SYNTHETIC_SAMPLE	GENE03
GOMF	SYNTHETIC	SYN_GOMF_PROLIF_A	SYNTHETIC_SAMPLE	GENE04
GOMF	SYNTHETIC	SYN_GOMF_PROLIF_A	SYNTHETIC_SAMPLE	GENE05
GOMF	SYNTHETIC	SYN_GOMF_PROLIF_A	SYNTHETIC_SAMPLE	GENE06
GOMF	SYNTHETIC	SYN_GOMF_PROLIF_A	SYNTHETIC_SAMPLE	GENE25
GOMF	SYNTHETIC	SYN_GOMF_PROLIF_A	SYNTHETIC_SAMPLE	GENE26
GOMF	SYNTHETIC	SYN_GOMF_PROLIF_A	SYNTHETIC_SAMPLE	GENE27
GOMF	SYNTHETIC	SYN_GOMF_PROLIF_A	SYNTHETIC_SAMPLE	GENE28
GOMF	SYNTHETIC	SYN_GOMF_PROLIF_A	SYNTHETIC_SAMPLE	GENE29
GOMF	SYNTHETIC	SYN_GOMF_PROLIF_A	SYNTHETIC_SAMPLE	GENE30
GOMF	SYNTHETIC	SYN_GOMF_PROLIF_B	SYNTHETIC_SAMPLE	GENE03
GOMF	SYNTHETIC	SYN_GOMF_PROLIF_B	SYNTHETIC_SAMPLE	GENE04
GOMF	SYNTHETIC	SYN_GOMF_PROLIF_B	SYNTHETIC_SAMPLE	GENE05
GOMF	SYNTHETIC	SYN_GOMF_PROLIF_B	SYNTHETIC_SAMPLE	GENE06
GOMF	SYNTHETIC	SYN_GOMF_PROLIF_B	SYNTHETIC_SAMPLE	GENE07
GOMF	SYNTHETIC	SYN_GOMF_PROLIF_B	SYNTHETIC_SAMPLE	GENE08
GOMF	SYNTHETIC	SYN_GOMF_PROLIF_B	SYNTHETIC_SAMPLE	GENE27
GOMF	SYNTHETIC	SYN_GOMF_PROLIF_B	SYNTHETIC_SAMPLE	GENE28
GOMF	SYNTHETIC	SYN_GOMF_PROLIF_B	SYNTHETIC_SAMPLE	GENE29
GOMF	SYNTHETIC	SYN_GOMF_PROLIF_B	SYNTHETIC_SAMPLE	GENE30
GOMF	SYNTHETIC	SYN_GOMF_PROLIF_B	SYNTHETIC_SAMPLE	GENE31
GOMF	SYNTHETIC	SYN_GOMF_PROLIF_B	SYNTHETIC_SAMPLE	GENE32
GOMF	SYNTHETIC	SYN_GOMF_PROLIF_C	SYNTHETIC_SAMPLE	GENE07
GOMF	SYNTHETIC	SYN_GOMF_PROLIF_C	SYNTHETIC_SAMPLE	GENE08
GOMF	SYNTHETIC	SYN_GOMF_PROLIF_C	SYNTHETIC_SAMPLE	GENE09
GOMF	SYNTHETIC	SYN_GOMF_PROLIF_C	SYNTHETIC_SAMPLE	GENE10
GOMF	SYNTHETIC	SYN_GOMF_PROLIF_C	SYNTHETIC_SAMPLE	GENE11
GOMF	SYNTHETIC	SYN_GOMF_PROLIF_C	SYNTHETIC_SAMPLE	GENE12
GOMF	SYNTHETIC	SYN_GOMF_PROLIF_C	SYNTHETIC_SAMPLE	GENE31
GOMF	SYNTHETIC	SYN_GOMF_PROLIF_C	SYNTHETIC_SAMPLE	GENE32
GOMF	SYNTHETIC	SYN_GOMF_PROLIF_C	SYNTHETIC_SAMPLE	GENE33
GOMF	SYNTHETIC	SYN_GOMF_PROLIF_C	SYNTHETIC_SAMPLE	GENE34
GOMF	SYNTHETIC	SYN_GOMF_PROLIF_C	SYNTHETIC_SAMPLE	GENE35
GOMF	SYNTHETIC	SYN_GOMF_PROLIF_C	SYNTHETIC_SAMPLE	GENE36
GOMF	SYNTHETIC	SYN_GOMF_MATRIX_A	SYNTHETIC_SAMPLE	GENE25
GOMF	SYNTHETIC	SYN_GOMF_MATRIX_A	SYNTHETIC_SAMPLE	GENE26
GOMF	SYNTHETIC	SYN_GOMF_MATRIX_A	SYNTHETIC_SAMPLE	GENE27
GOMF	SYNTHETIC	SYN_GOMF_MATRIX_A	SYNTHETIC_SAMPLE	GENE28
GOMF	SYNTHETIC	SYN_GOMF_MATRIX_A	SYNTHETIC_SAMPLE	GENE29
GOMF	SYNTHETIC	SYN_GOMF_MATRIX_A	SYNTHETIC_SAMPLE	GENE30
GOMF	SYNTHETIC	SYN_GOMF_MATRIX_A	SYNTHETIC_SAMPLE	GENE31
GOMF	SYNTHETIC	SYN_GOMF_MATRIX_A	SYNTHETIC_SAMPLE	GENE32
GOMF	SYNTHETIC	SYN_GOMF_MATRIX_A	SYNTHETIC_SAMPLE	GENE33
GOMF	SYNTHETIC	SYN_GOMF_MATRIX_A	SYNTHETIC_SAMPLE	GENE34
GOMF	SYNTHETIC	SYN_GOMF_MATRIX_A	SYNTHETIC_SAMPLE	GENE35
GOMF	SYNTHETIC	SYN_GOMF_MATRIX_A	SYNTHETIC_SAMPLE	GENE36
GOMF	SYNTHETIC	SYN_GOMF_MATRIX_B	SYNTHETIC_SAMPLE	GENE29
GOMF	SYNTHETIC	SYN_GOMF_MATRIX_B	SYNTHETIC_SAMPLE	GENE30
GOMF	SYNTHETIC	SYN_GOMF_MATRIX_B	SYNTHETIC_SAMPLE	GENE31
GOMF	SYNTHETIC	SYN_GOMF_MATRIX_B	SYNTHETIC_SAMPLE	GENE32
GOMF	SYNTHETIC	SYN_GOMF_MATRIX_B	SYNTHETIC_SAMPLE	GENE33
GOMF	SYNTHETIC	SYN_GOMF_MATRIX_B	SYNTHETIC_SAMPLE	GENE34
GOMF	SYNTHETIC	SYN_GOMF_MATRIX_B	SYNTHETIC_SAMPLE	GENE35
GOMF	SYNTHETIC	SYN_GOMF_MATRIX_B	SYNTHETIC_SAMPLE	GENE36
GOMF	SYNTHETIC	SYN_GOMF_MATRIX_B	SYNTHETIC_SAMPLE	GENE37
GOMF	SYNTHETIC	SYN_GOMF_MATRIX_B	SYNTHETIC_SAMPLE	GENE38
GOMF	SYNTHETIC	SYN_GOMF_MATRIX_B	SYNTHETIC_SAMPLE	GENE39
GOMF	SYNTHETIC	SYN_GOMF_MATRIX_B	SYNTHETIC_SAMPLE	GENE40
GOMF	SYNTHETIC	SYN_GOMF_MATRIX_C	SYNTHETIC_SAMPLE	GENE25
GOMF	SYNTHETIC	SYN_GOMF_MATRIX_C	SYNTHETIC_SAMPLE	GENE26
GOMF	SYNTHETIC	SYN_GOMF_MATRIX_C	SYNTHETIC_SAMPLE	GENE27
GOMF	SYNTHETIC	SYN_GOMF_MATRIX_C	SYNTHETIC_SAMPLE	GENE28
GOMF	SYNTHETIC	SYN_GOMF_MATRIX_C	SYNTHETIC_SAMPLE	GENE29
GOMF	SYNTHETIC	SYN_GOMF_MATRIX_C	SYNTHETIC_SAMPLE	GENE30
GOMF	SYNTHETIC	SYN_GOMF_MATRIX_C	SYNTHETIC_SAMPLE	GENE35
GOMF	SYNTHETIC	SYN_GOMF_MATRIX_C	SYNTHETIC_SAMPLE	GENE36
GOMF	SYNTHETIC	SYN_GOMF_MATRIX_C	SYNTHETIC_SAMPLE	GENE37
GOMF	SYNTHETIC	SYN_GOMF_MATRIX_C	SYNTHETIC_SAMPLE	GENE38
GOMF	SYNTHETIC	SYN_GOMF_MATRIX_C	SYNTHETIC_SAMPLE	GENE39
GOMF	SYNTHETIC	SYN_GOMF_MATRIX_C	SYNTHETIC_SAMPLE	GENE40
GOCC	SYNTHETIC	SYN_GOCC_SIGNAL_A	SYNTHETIC_SAMPLE	GENE01
GOCC	SYNTHETIC	SYN_GOCC_SIGNAL_A	SYNTHETIC_SAMPLE	GENE02
GOCC	SYNTHETIC	SYN_GOCC_SIGNAL_A	SYNTHETIC_SAMPLE	GENE03
GOCC	SYNTHETIC	SYN_GOCC_SIGNAL_A	SYNTHETIC_SAMPLE	GENE04
GOCC	SYNTHETIC	SYN_GOCC_SIGNAL_A	SYNTHETIC_SAMPLE	GENE05
GOCC	SYNTHETIC	SYN_GOCC_SIGNAL_A	SYNTHETIC_SAMPLE	GENE06
GOCC	SYNTHETIC	SYN_GOCC_SIGNAL_A	SYNTHETIC_SAMPLE	GENE07
GOCC	SYNTHETIC	SYN_GOCC_SIGNAL_A	SYNTHETIC_SAMPLE	GENE08
GOCC	SYNTHETIC	SYN_GOCC_SIGNAL_A	SYNTHETIC_SAMPLE	GENE09
GOCC	SYNTHETIC	SYN_GOCC_SIGNAL_A	SYNTHETIC_SAMPLE	GENE10
GOCC	SYNTHETIC	SYN_GOCC_SIGNAL_A	SYNTHETIC_SAMPLE	GENE11
GOCC	SYNTHETIC	SYN_GOCC_SIGNAL_A	SYNTHETIC_SAMPLE	GENE12
GOCC	SYNTHETIC	SYN_GOCC_SIGNAL_B	SYNTHETIC_SAMPLE	GENE01
GOCC	SYNTHETIC	SYN_GOCC_SIGNAL_B	SYNTHETIC_SAMPLE	GENE02
GOCC	SYNTHETIC	SYN_GOCC_SIGNAL_B	SYNTHETIC_SAMPLE	GENE03
GOCC	SYNTHETIC	SYN_GOCC_SIGNAL_B	SYNTHETIC_SAMPLE	GENE04
GOCC	SYNTHETIC	SYN_GOCC_SIGNAL_B	SYNTHETIC_SAMPLE	GENE05
GOCC	SYNTHETIC	SYN_GOCC_SIGNAL_B	SYNTHETIC_SAMPLE	GENE06
GOCC	SYNTHETIC	SYN_GOCC_SIGNAL_B	SYNTHETIC_SAMPLE	GENE07
GOCC	SYNTHETIC	SYN_GOCC_SIGNAL_B	SYNTHETIC_SAMPLE	GENE08
GOCC	SYNTHETIC	SYN_GOCC_SIGNAL_B	SYNTHETIC_SAMPLE	GENE25
GOCC	SYNTHETIC	SYN_GOCC_SIGNAL_B	SYNTHETIC_SAMPLE	GENE26
GOCC	SYNTHETIC	SYN_GOCC_SIGNAL_B	SYNTHETIC_SAMPLE	GENE27
GOCC	SYNTHETIC	SYN_GOCC_SIGNAL_B	SYNTHETIC_SAMPLE	GENE28
GOCC	SYNTHETIC	SYN_GOCC_SIGNAL_C	SYNTHETIC_SAMPLE	GENE05
GOCC	SYNTHETIC	SYN_GOCC_SIGNAL_C	SYNTHETIC_SAMPLE	GENE06
GOCC	SYNTHETIC	SYN_GOCC_SIGNAL_C	SYNTHETIC_SAMPLE	GENE07
GOCC	SYNTHETIC	SYN_GOCC_SIGNAL_C	SYNTHETIC_SAMPLE	GENE08
GOCC	SYNTHETIC	SYN_GOCC_SIGNAL_C	SYNTHETIC_SAMPLE	GENE09
GOCC	SYNTHETIC	SYN_GOCC_SIGNAL_C	SYNTHETIC_SAMPLE	GENE10
GOCC	SYNTHETIC	SYN_GOCC_SIGNAL_C	SYNTHETIC_SAMPLE	GENE11
GOCC	SYNTHETIC	SYN_GOCC_SIGNAL_C	SYNTHETIC_SAMPLE	GENE12
GOCC	SYNTHETIC	SYN_GOCC_SIGNAL_C	SYNTHETIC_SAMPLE	GENE29
GOCC	SYNTHETIC	SYN_GOCC_SIGNAL_C	SYNTHETIC_SAMPLE	GENE30
GOCC	SYNTHETIC	SYN_GOCC_SIGNAL_C	SYNTHETIC_SAMPLE	GENE31
GOCC	SYNTHETIC	SYN_GOCC_SIGNAL_C	SYNTHETIC_SAMPLE	GENE32
GOCC	SYNTHETIC	SYN_GOCC_STRESS_A	SYNTHETIC_SAMPLE	GENE13
GOCC	SYNTHETIC	SYN_GOCC_STRESS_A	SYNTHETIC_SAMPLE	GENE14
GOCC	SYNTHETIC	SYN_GOCC_STRESS_A	SYNTHETIC_SAMPLE	GENE15
GOCC	SYNTHETIC	SYN_GOCC_STRESS_A	SYNTHETIC_SAMPLE	GENE16
GOCC	SYNTHETIC	SYN_GOCC_STRESS_A	SYNTHETIC_SAMPLE	GENE17
GOCC	SYNTHETIC	SYN_GOCC_STRESS_A	SYNTHETIC_SAMPLE	GENE18
GOCC	SYNTHETIC	SYN_GOCC_STRESS_A	SYNTHETIC_SAMPLE	GENE19
GOCC	SYNTHETIC	SYN_GOCC_STRESS_A	SYNTHETIC_SAMPLE	GENE20
GOCC	SYNTHETIC	SYN_GOCC_STRESS_A	SYNTHETIC_SAMPLE	GENE21
GOCC	SYNTHETIC	SYN_GOCC_STRESS_A	SYNTHETIC_SAMPLE	GENE22
GOCC	SYNTHETIC	SYN_GOCC_STRESS_A	SYNTHETIC_SAMPLE	GENE23
GOCC	SYNTHETIC	SYN_GOCC_STRESS_A	SYNTHETIC_SAMPLE	GENE24
GOCC	SYNTHETIC	SYN_GOCC_STRESS_B	SYNTHETIC_SAMPLE	GENE13
GOCC	SYNTHETIC	SYN_GOCC_STRESS_B	SYNTHETIC_SAMPLE	GENE14
GOCC	SYNTHETIC	SYN_GOCC_STRESS_B	SYNTHETIC_SAMPLE	GENE15
GOCC	SYNTHETIC	SYN_GOCC_STRESS_B	SYNTHETIC_SAMPLE	GENE16
GOCC	SYNTHETIC	SYN_GOCC_STRESS_B	SYNTHETIC_SAMPLE	GENE17
GOCC	SYNTHETIC	SYN_GOCC_STRESS_B	SYNTHETIC_SAMPLE	GENE18
GOCC	SYNTHETIC	SYN_GOCC_STRESS_B	SYNTHETIC_SAMPLE	GENE19
GOCC	SYNTHETIC	SYN_GOCC_STRESS_B	SYNTHETIC_SAMPLE	GENE20
GOCC	SYNTHETIC	SYN_GOCC_STRESS_B	SYNTHETIC_SAMPLE	GENE33
GOCC	SYNTHETIC	SYN_GOCC_STRESS_B	SYNTHETIC_SAMPLE	GENE34
GOCC	SYNTHETIC	SYN_GOCC_STRESS_B	SYNTHETIC_SAMPLE	GENE35
GOCC	SYNTHETIC	SYN_GOCC_STRESS_B	SYNTHETIC_SAMPLE	GENE36
GOCC	SYNTHETIC	SYN_GOCC_STRESS_C	SYNTHETIC_SAMPLE	GENE17
GOCC	SYNTHETIC	SYN_GOCC_STRESS_C	SYNTHETIC_SAMPLE	GENE18
GOCC	SYNTHETIC	SYN_GOCC_STRESS_C	SYNTHETIC_SAMPLE	GENE19
GOCC	SYNTHETIC	SYN_GOCC_STRESS_C	SYNTHETIC_SAMPLE	GENE20
GOCC	SYNTHETIC	SYN_GOCC_STRESS_C	SYNTHETIC_SAMPLE	GENE21
GOCC	SYNTHETIC	SYN_GOCC_STRESS_C	SYNTHETIC_SAMPLE	GENE22
GOCC	SYNTHETIC	SYN_GOCC_STRESS_C	SYNTHETIC_SAMPLE	GENE23
GOCC	SYNTHETIC	SYN_GOCC_STRESS_C	SYNTHETIC_SAMPLE	GENE24
GOCC	SYNTHETIC	SYN_GOCC_STRESS_C	SYNTHETIC_SAMPLE	GENE37
GOCC	SYNTHETIC	SYN_GOCC_STRESS_C	SYNTHETIC_SAMPLE	GENE38
GOCC	SYNTHETIC	SYN_GOCC_STRESS_C	SYNTHETIC_SAMPLE	GENE39
GOCC	SYNTHETIC	SYN_GOCC_STRESS_C	SYNTHETIC_SAMPLE	GENE40
GOCC	SYNTHETIC	SYN_GOCC_PROLIF_A	SYNTHETIC_SAMPLE	GENE01
GOCC	SYNTHETIC	SYN_GOCC_PROLIF_A	SYNTHETIC_SAMPLE	GENE02
GOCC	SYNTHETIC	SYN_GOCC_PROLIF_A	SYNTHETIC_SAMPLE	GENE03
GOCC	SYNTHETIC	SYN_GOCC_PROLIF_A	SYNTHETIC_SAMPLE	GENE04
GOCC	SYNTHETIC	SYN_GOCC_PROLIF_A	SYNTHETIC_SAMPLE	GENE05
GOCC	SYNTHETIC	SYN_GOCC_PROLIF_A	SYNTHETIC_SAMPLE	GENE06
GOCC	SYNTHETIC	SYN_GOCC_PROLIF_A	SYNTHETIC_SAMPLE	GENE25
GOCC	SYNTHETIC	SYN_GOCC_PROLIF_A	SYNTHETIC_SAMPLE	GENE26
GOCC	SYNTHETIC	SYN_GOCC_PROLIF_A	SYNTHETIC_SAMPLE	GENE27
GOCC	SYNTHETIC	SYN_GOCC_PROLIF_A	SYNTHETIC_SAMPLE	GENE28
GOCC	SYNTHETIC	SYN_GOCC_PROLIF_A	SYNTHETIC_SAMPLE	GENE29
GOCC	SYNTHETIC	SYN_GOCC_PROLIF_A	SYNTHETIC_SAMPLE	GENE30
GOCC	SYNTHETIC	SYN_GOCC_PROLIF_B	SYNTHETIC_SAMPLE	GENE03
GOCC	SYNTHETIC	SYN_GOCC_PROLIF_B	SYNTHETIC_SAMPLE	GENE04
GOCC	SYNTHETIC	SYN_GOCC_PROLIF_B	SYNTHETIC_SAMPLE	GENE05
GOCC	SYNTHETIC	SYN_GOCC_PROLIF_B	SYNTHETIC_SAMPLE	GENE06
GOCC	SYNTHETIC	SYN_GOCC_PROLIF_B	SYNTHETIC_SAMPLE	GENE07
GOCC	SYNTHETIC	SYN_GOCC_PROLIF_B	SYNTHETIC_SAMPLE	GENE08
GOCC	SYNTHETIC	SYN_GOCC_PROLIF_B	SYNTHETIC_SAMPLE	GENE27
GOCC	SYNTHETIC	SYN_GOCC_PROLIF_B	SYNTHETIC_SAMPLE	GENE28
GOCC	SYNTHETIC	SYN_GOCC_PROLIF_B	SYNTHETIC_SAMPLE	GENE29
GOCC	SYNTHETIC	SYN_GOCC_PROLIF_B	SYNTHETIC_SAMPLE	GENE30
GOCC	SYNTHETIC	SYN_GOCC_PROLIF_B	SYNTHETIC_SAMPLE	GENE31
GOCC	SYNTHETIC	SYN_GOCC_PROLIF_B	SYNTHETIC_SAMPLE	GENE32
GOCC	SYNTHETIC	SYN_GOCC_PROLIF_C	SYNTHETIC_SAMPLE	GENE07
GOCC	SYNTHETIC	SYN_GOCC_PROLIF_C	SYNTHETIC_SAMPLE	GENE08
GOCC	SYNTHETIC	SYN_GOCC_PROLIF_C	SYNTHETIC_SAMPLE	GENE09
GOCC	SYNTHETIC	SYN_GOCC_PROLIF_C	SYNTHETIC_SAMPLE	GENE10
GOCC	SYNTHETIC	SYN_GOCC_PROLIF_C	SYNTHETIC_SAMPLE	GENE11
GOCC	SYNTHETIC	SYN_GOCC_PROLIF_C	SYNTHETIC_SAMPLE	GENE12
GOCC	SYNTHETIC	SYN_GOCC_PROLIF_C	SYNTHETIC_SAMPLE	GENE31
GOCC	SYNTHETIC	SYN_GOCC_PROLIF_C	SYNTHETIC_SAMPLE	GENE32
GOCC	SYNTHETIC	SYN_GOCC_PROLIF_C	SYNTHETIC_SAMPLE	GENE33
GOCC	SYNTHETIC	SYN_GOCC_PROLIF_C	SYNTHETIC_SAMPLE	GENE34
GOCC	SYNTHETIC	SYN_GOCC_PROLIF_C	SYNTHETIC_SAMPLE	GENE35
GOCC	SYNTHETIC	SYN_GOCC_PROLIF_C	SYNTHETIC_SAMPLE	GENE36
GOCC	SYNTHETIC	SYN_GOCC_MATRIX_A	SYNTHETIC_SAMPLE	GENE25
GOCC	SYNTHETIC	SYN_GOCC_MATRIX_A	SYNTHETIC_SAMPLE	GENE26
GOCC	SYNTHETIC	SYN_GOCC_MATRIX_A	SYNTHETIC_SAMPLE	GENE27
GOCC	SYNTHETIC	SYN_GOCC_MATRIX_A	SYNTHETIC_SAMPLE	GENE28
GOCC	SYNTHETIC	SYN_GOCC_MATRIX_A	SYNTHETIC_SAMPLE	GENE29
GOCC	SYNTHETIC	SYN_GOCC_MATRIX_A	SYNTHETIC_SAMPLE	GENE30
GOCC	SYNTHETIC	SYN_GOCC_MATRIX_A	SYNTHETIC_SAMPLE	GENE31
GOCC	SYNTHETIC	SYN_GOCC_MATRIX_A	SYNTHETIC_SAMPLE	GENE32
GOCC	SYNTHETIC	SYN_GOCC_MATRIX_A	SYNTHETIC_SAMPLE	GENE33
GOCC	SYNTHETIC	SYN_GOCC_MATRIX_A	SYNTHETIC_SAMPLE	GENE34
GOCC	SYNTHETIC	SYN_GOCC_MATRIX_A	SYNTHETIC_SAMPLE	GENE35
GOCC	SYNTHETIC	SYN_GOCC_MATRIX_A	SYNTHETIC_SAMPLE	GENE36
GOCC	SYNTHETIC	SYN_GOCC_MATRIX_B	SYNTHETIC_SAMPLE	GENE29
GOCC	SYNTHETIC	SYN_GOCC_MATRIX_B	SYNTHETIC_SAMPLE	GENE30
GOCC	SYNTHETIC	SYN_GOCC_MATRIX_B	SYNTHETIC_SAMPLE	GENE31
GOCC	SYNTHETIC	SYN_GOCC_MATRIX_B	SYNTHETIC_SAMPLE	GENE32
GOCC	SYNTHETIC	SYN_GOCC_MATRIX_B	SYNTHETIC_SAMPLE	GENE33
GOCC	SYNTHETIC	SYN_GOCC_MATRIX_B	SYNTHETIC_SAMPLE	GENE34
GOCC	SYNTHETIC	SYN_GOCC_MATRIX_B	SYNTHETIC_SAMPLE	GENE35
GOCC	SYNTHETIC	SYN_GOCC_MATRIX_B	SYNTHETIC_SAMPLE	GENE36
GOCC	SYNTHETIC	SYN_GOCC_MATRIX_B	SYNTHETIC_SAMPLE	GENE37
GOCC	SYNTHETIC	SYN_GOCC_MATRIX_B	SYNTHETIC_SAMPLE	GENE38
GOCC	SYNTHETIC	SYN_GOCC_MATRIX_B	SYNTHETIC_SAMPLE	GENE39
GOCC	SYNTHETIC	SYN_GOCC_MATRIX_B	SYNTHETIC_SAMPLE	GENE40
GOCC	SYNTHETIC	SYN_GOCC_MATRIX_C	SYNTHETIC_SAMPLE	GENE25
GOCC	SYNTHETIC	SYN_GOCC_MATRIX_C	SYNTHETIC_SAMPLE	GENE26
GOCC	SYNTHETIC	SYN_GOCC_MATRIX_C	SYNTHETIC_SAMPLE	GENE27
GOCC	SYNTHETIC	SYN_GOCC_MATRIX_C	SYNTHETIC_SAMPLE	GENE28
GOCC	SYNTHETIC	SYN_GOCC_MATRIX_C	SYNTHETIC_SAMPLE	GENE29
GOCC	SYNTHETIC	SYN_GOCC_MATRIX_C	SYNTHETIC_SAMPLE	GENE30
GOCC	SYNTHETIC	SYN_GOCC_MATRIX_C	SYNTHETIC_SAMPLE	GENE35
GOCC	SYNTHETIC	SYN_GOCC_MATRIX_C	SYNTHETIC_SAMPLE	GENE36
GOCC	SYNTHETIC	SYN_GOCC_MATRIX_C	SYNTHETIC_SAMPLE	GENE37
GOCC	SYNTHETIC	SYN_GOCC_MATRIX_C	SYNTHETIC_SAMPLE	GENE38
GOCC	SYNTHETIC	SYN_GOCC_MATRIX_C	SYNTHETIC_SAMPLE	GENE39
GOCC	SYNTHETIC	SYN_GOCC_MATRIX_C	SYNTHETIC_SAMPLE	GENE40
PATHWAYS	SYNTHETIC	SYN_PATHWAYS_SIGNAL_A	SYNTHETIC_SAMPLE	GENE01
PATHWAYS	SYNTHETIC	SYN_PATHWAYS_SIGNAL_A	SYNTHETIC_SAMPLE	GENE02
PATHWAYS	SYNTHETIC	SYN_PATHWAYS_SIGNAL_A	SYNTHETIC_SAMPLE	GENE03
PATHWAYS	SYNTHETIC	SYN_PATHWAYS_SIGNAL_A	SYNTHETIC_SAMPLE	GENE04
PATHWAYS	SYNTHETIC	SYN_PATHWAYS_SIGNAL_A	SYNTHETIC_SAMPLE	GENE05
PATHWAYS	SYNTHETIC	SYN_PATHWAYS_SIGNAL_A	SYNTHETIC_SAMPLE	GENE06
PATHWAYS	SYNTHETIC	SYN_PATHWAYS_SIGNAL_A	SYNTHETIC_SAMPLE	GENE07
PATHWAYS	SYNTHETIC	SYN_PATHWAYS_SIGNAL_A	SYNTHETIC_SAMPLE	GENE08
PATHWAYS	SYNTHETIC	SYN_PATHWAYS_SIGNAL_A	SYNTHETIC_SAMPLE	GENE09
PATHWAYS	SYNTHETIC	SYN_PATHWAYS_SIGNAL_A	SYNTHETIC_SAMPLE	GENE10
PATHWAYS	SYNTHETIC	SYN_PATHWAYS_SIGNAL_A	SYNTHETIC_SAMPLE	GENE11
PATHWAYS	SYNTHETIC	SYN_PATHWAYS_SIGNAL_A	SYNTHETIC_SAMPLE	GENE12
PATHWAYS	SYNTHETIC	SYN_PATHWAYS_SIGNAL_B	SYNTHETIC_SAMPLE	GENE01
PATHWAYS	SYNTHETIC	SYN_PATHWAYS_SIGNAL_B	SYNTHETIC_SAMPLE	GENE02
PATHWAYS	SYNTHETIC	SYN_PATHWAYS_SIGNAL_B	SYNTHETIC_SAMPLE	GENE03
PATHWAYS	SYNTHETIC	SYN_PATHWAYS_SIGNAL_B	SYNTHETIC_SAMPLE	GENE04
PATHWAYS	SYNTHETIC	SYN_PATHWAYS_SIGNAL_B	SYNTHETIC_SAMPLE	GENE05
PATHWAYS	SYNTHETIC	SYN_PATHWAYS_SIGNAL_B	SYNTHETIC_SAMPLE	GENE06
PATHWAYS	SYNTHETIC	SYN_PATHWAYS_SIGNAL_B	SYNTHETIC_SAMPLE	GENE07
PATHWAYS	SYNTHETIC	SYN_PATHWAYS_SIGNAL_B	SYNTHETIC_SAMPLE	GENE08
PATHWAYS	SYNTHETIC	SYN_PATHWAYS_SIGNAL_B	SYNTHETIC_SAMPLE	GENE25
PATHWAYS	SYNTHETIC	SYN_PATHWAYS_SIGNAL_B	SYNTHETIC_SAMPLE	GENE26
PATHWAYS	SYNTHETIC	SYN_PATHWAYS_SIGNAL_B	SYNTHETIC_SAMPLE	GENE27
PATHWAYS	SYNTHETIC	SYN_PATHWAYS_SIGNAL_B	SYNTHETIC_SAMPLE	GENE28
PATHWAYS	SYNTHETIC	SYN_PATHWAYS_SIGNAL_C	SYNTHETIC_SAMPLE	GENE05
PATHWAYS	SYNTHETIC	SYN_PATHWAYS_SIGNAL_C	SYNTHETIC_SAMPLE	GENE06
PATHWAYS	SYNTHETIC	SYN_PATHWAYS_SIGNAL_C	SYNTHETIC_SAMPLE	GENE07
PATHWAYS	SYNTHETIC	SYN_PATHWAYS_SIGNAL_C	SYNTHETIC_SAMPLE	GENE08
PATHWAYS	SYNTHETIC	SYN_PATHWAYS_SIGNAL_C	SYNTHETIC_SAMPLE	GENE09
PATHWAYS	SYNTHETIC	SYN_PATHWAYS_SIGNAL_C	SYNTHETIC_SAMPLE	GENE10
PATHWAYS	SYNTHETIC	SYN_PATHWAYS_SIGNAL_C	SYNTHETIC_SAMPLE	GENE11
PATHWAYS	SYNTHETIC	SYN_PATHWAYS_SIGNAL_C	SYNTHETIC_SAMPLE	GENE12
PATHWAYS	SYNTHETIC	SYN_PATHWAYS_SIGNAL_C	SYNTHETIC_SAMPLE	GENE29
PATHWAYS	SYNTHETIC	SYN_PATHWAYS_SIGNAL_C	SYNTHETIC_SAMPLE	GENE30
PATHWAYS	SYNTHETIC	SYN_PATHWAYS_SIGNAL_C	SYNTHETIC_SAMPLE	GENE31
PATHWAYS	SYNTHETIC	SYN_PATHWAYS_SIGNAL_C	SYNTHETIC_SAMPLE	GENE32
PATHWAYS	SYNTHETIC	SYN_PATHWAYS_STRESS_A	SYNTHETIC_SAMPLE	GENE13
PATHWAYS	SYNTHETIC	SYN_PATHWAYS_STRESS_A	SYNTHETIC_SAMPLE	GENE14
PATHWAYS	SYNTHETIC	SYN_PATHWAYS_STRESS_A	SYNTHETIC_SAMPLE	GENE15
PATHWAYS	SYNTHETIC	SYN_PATHWAYS_STRESS_A	SYNTHETIC_SAMPLE	GENE16
PATHWAYS	SYNTHETIC	SYN_PATHWAYS_STRESS_A	SYNTHETIC_SAMPLE	GENE17
PATHWAYS	SYNTHETIC	SYN_PATHWAYS_STRESS_A	SYNTHETIC_SAMPLE	GENE18
PATHWAYS	SYNTHETIC	SYN_PATHWAYS_STRESS_A	SYNTHETIC_SAMPLE	GENE19
PATHWAYS	SYNTHETIC	SYN_PATHWAYS_STRESS_A	SYNTHETIC_SAMPLE	GENE20
PATHWAYS	SYNTHETIC	SYN_PATHWAYS_STRESS_A	SYNTHETIC_SAMPLE	GENE21
PATHWAYS	SYNTHETIC	SYN_PATHWAYS_STRESS_A	SYNTHETIC_SAMPLE	GENE22
PATHWAYS	SYNTHETIC	SYN_PATHWAYS_STRESS_A	SYNTHETIC_SAMPLE	GENE23
PATHWAYS	SYNTHETIC	SYN_PATHWAYS_STRESS_A	SYNTHETIC_SAMPLE	GENE24
PATHWAYS	SYNTHETIC	SYN_PATHWAYS_STRESS_B	SYNTHETIC_SAMPLE	GENE13
PATHWAYS	SYNTHETIC	SYN_PATHWAYS_STRESS_B	SYNTHETIC_SAMPLE	GENE14
PATHWAYS	SYNTHETIC	SYN_PATHWAYS_STRESS_B	SYNTHETIC_SAMPLE	GENE15
PATHWAYS	SYNTHETIC	SYN_PATHWAYS_STRESS_B	SYNTHETIC_SAMPLE	GENE16
PATHWAYS	SYNTHETIC	SYN_PATHWAYS_STRESS_B	SYNTHETIC_SAMPLE	GENE17
PATHWAYS	SYNTHETIC	SYN_PATHWAYS_STRESS_B	SYNTHETIC_SAMPLE	GENE18
PATHWAYS	SYNTHETIC	SYN_PATHWAYS_STRESS_B	SYNTHETIC_SAMPLE	GENE19
PATHWAYS	SYNTHETIC	SYN_PATHWAYS_STRESS_B	SYNTHETIC_SAMPLE	GENE20
PATHWAYS	SYNTHETIC	SYN_PATHWAYS_STRESS_B	SYNTHETIC_SAMPLE	GENE33
PATHWAYS	SYNTHETIC	SYN_PATHWAYS_STRESS_B	SYNTHETIC_SAMPLE	GENE34
PATHWAYS	SYNTHETIC	SYN_PATHWAYS_STRESS_B	SYNTHETIC_SAMPLE	GENE35
PATHWAYS	SYNTHETIC	SYN_PATHWAYS_STRESS_B	SYNTHETIC_SAMPLE	GENE36
PATHWAYS	SYNTHETIC	SYN_PATHWAYS_STRESS_C	SYNTHETIC_SAMPLE	GENE17
PATHWAYS	SYNTHETIC	SYN_PATHWAYS_STRESS_C	SYNTHETIC_SAMPLE	GENE18
PATHWAYS	SYNTHETIC	SYN_PATHWAYS_STRESS_C	SYNTHETIC_SAMPLE	GENE19
PATHWAYS	SYNTHETIC	SYN_PATHWAYS_STRESS_C	SYNTHETIC_SAMPLE	GENE20
PATHWAYS	SYNTHETIC	SYN_PATHWAYS_STRESS_C	SYNTHETIC_SAMPLE	GENE21
PATHWAYS	SYNTHETIC	SYN_PATHWAYS_STRESS_C	SYNTHETIC_SAMPLE	GENE22
PATHWAYS	SYNTHETIC	SYN_PATHWAYS_STRESS_C	SYNTHETIC_SAMPLE	GENE23
PATHWAYS	SYNTHETIC	SYN_PATHWAYS_STRESS_C	SYNTHETIC_SAMPLE	GENE24
PATHWAYS	SYNTHETIC	SYN_PATHWAYS_STRESS_C	SYNTHETIC_SAMPLE	GENE37
PATHWAYS	SYNTHETIC	SYN_PATHWAYS_STRESS_C	SYNTHETIC_SAMPLE	GENE38
PATHWAYS	SYNTHETIC	SYN_PATHWAYS_STRESS_C	SYNTHETIC_SAMPLE	GENE39
PATHWAYS	SYNTHETIC	SYN_PATHWAYS_STRESS_C	SYNTHETIC_SAMPLE	GENE40
PATHWAYS	SYNTHETIC	SYN_PATHWAYS_PROLIF_A	SYNTHETIC_SAMPLE	GENE01
PATHWAYS	SYNTHETIC	SYN_PATHWAYS_PROLIF_A	SYNTHETIC_SAMPLE	GENE02
PATHWAYS	SYNTHETIC	SYN_PATHWAYS_PROLIF_A	SYNTHETIC_SAMPLE	GENE03
PATHWAYS	SYNTHETIC	SYN_PATHWAYS_PROLIF_A	SYNTHETIC_SAMPLE	GENE04
PATHWAYS	SYNTHETIC	SYN_PATHWAYS_PROLIF_A	SYNTHETIC_SAMPLE	GENE05
PATHWAYS	SYNTHETIC	SYN_PATHWAYS_PROLIF_A	SYNTHETIC_SAMPLE	GENE06
PATHWAYS	SYNTHETIC	SYN_PATHWAYS_PROLIF_A	SYNTHETIC_SAMPLE	GENE25
PATHWAYS	SYNTHETIC	SYN_PATHWAYS_PROLIF_A	SYNTHETIC_SAMPLE	GENE26
PATHWAYS	SYNTHETIC	SYN_PATHWAYS_PROLIF_A	SYNTHETIC_SAMPLE	GENE27
PATHWAYS	SYNTHETIC	SYN_PATHWAYS_PROLIF_A	SYNTHETIC_SAMPLE	GENE28
PATHWAYS	SYNTHETIC	SYN_PATHWAYS_PROLIF_A	SYNTHETIC_SAMPLE	GENE29
PATHWAYS	SYNTHETIC	SYN_PATHWAYS_PROLIF_A	SYNTHETIC_SAMPLE	GENE30
PATHWAYS	SYNTHETIC	SYN_PATHWAYS_PROLIF_B	SYNTHETIC_SAMPLE	GENE03
PATHWAYS	SYNTHETIC	SYN_PATHWAYS_PROLIF_B	SYNTHETIC_SAMPLE	GENE04
PATHWAYS	SYNTHETIC	SYN_PATHWAYS_PROLIF_B	SYNTHETIC_SAMPLE	GENE05
PATHWAYS	SYNTHETIC	SYN_PATHWAYS_PROLIF_B	SYNTHETIC_SAMPLE	GENE06
PATHWAYS	SYNTHETIC	SYN_PATHWAYS_PROLIF_B	SYNTHETIC_SAMPLE	GENE07
PATHWAYS	SYNTHETIC	SYN_PATHWAYS_PROLIF_B	SYNTHETIC_SAMPLE	GENE08
PATHWAYS	SYNTHETIC	SYN_PATHWAYS_PROLIF_B	SYNTHETIC_SAMPLE	GENE27
PATHWAYS	SYNTHETIC	SYN_PATHWAYS_PROLIF_B	SYNTHETIC_SAMPLE	GENE28
PATHWAYS	SYNTHETIC	SYN_PATHWAYS_PROLIF_B	SYNTHETIC_SAMPLE	GENE29
PATHWAYS	SYNTHETIC	SYN_PATHWAYS_PROLIF_B	SYNTHETIC_SAMPLE	GENE30
PATHWAYS	SYNTHETIC	SYN_PATHWAYS_PROLIF_B	SYNTHETIC_SAMPLE	GENE31
PATHWAYS	SYNTHETIC	SYN_PATHWAYS_PROLIF_B	SYNTHETIC_SAMPLE	GENE32
PATHWAYS	SYNTHETIC	SYN_PATHWAYS_PROLIF_C	SYNTHETIC_SAMPLE	GENE07
PATHWAYS	SYNTHETIC	SYN_PATHWAYS_PROLIF_C	SYNTHETIC_SAMPLE	GENE08
PATHWAYS	SYNTHETIC	SYN_PATHWAYS_PROLIF_C	SYNTHETIC_SAMPLE	GENE09
PATHWAYS	SYNTHETIC	SYN_PATHWAYS_PROLIF_C	SYNTHETIC_SAMPLE	GENE10
PATHWAYS	SYNTHETIC	SYN_PATHWAYS_PROLIF_C	SYNTHETIC_SAMPLE	GENE11
PATHWAYS	SYNTHETIC	SYN_PATHWAYS_PROLIF_C	SYNTHETIC_SAMPLE	GENE12
PATHWAYS	SYNTHETIC	SYN_PATHWAYS_PROLIF_C	SYNTHETIC_SAMPLE	GENE31
PATHWAYS	SYNTHETIC	SYN_PATHWAYS_PROLIF_C	SYNTHETIC_SAMPLE	GENE32
PATHWAYS	SYNTHETIC	SYN_PATHWAYS_PROLIF_C	SYNTHETIC_SAMPLE	GENE33
PATHWAYS	SYNTHETIC	SYN_PATHWAYS_PROLIF_C	SYNTHETIC_SAMPLE	GENE34
PATHWAYS	SYNTHETIC	SYN_PATHWAYS_PROLIF_C	SYNTHETIC_SAMPLE	GENE35
PATHWAYS	SYNTHETIC	SYN_PATHWAYS_PROLIF_C	SYNTHETIC_SAMPLE	GENE36
PATHWAYS	SYNTHETIC	SYN_PATHWAYS_MATRIX_A	SYNTHETIC_SAMPLE	GENE25
PATHWAYS	SYNTHETIC	SYN_PATHWAYS_MATRIX_A	SYNTHETIC_SAMPLE	GENE26
PATHWAYS	SYNTHETIC	SYN_PATHWAYS_MATRIX_A	SYNTHETIC_SAMPLE	GENE27
PATHWAYS	SYNTHETIC	SYN_PATHWAYS_MATRIX_A	SYNTHETIC_SAMPLE	GENE28
PATHWAYS	SYNTHETIC	SYN_PATHWAYS_MATRIX_A	SYNTHETIC_SAMPLE	GENE29
PATHWAYS	SYNTHETIC	SYN_PATHWAYS_MATRIX_A	SYNTHETIC_SAMPLE	GENE30
PATHWAYS	SYNTHETIC	SYN_PATHWAYS_MATRIX_A	SYNTHETIC_SAMPLE	GENE31
PATHWAYS	SYNTHETIC	SYN_PATHWAYS_MATRIX_A	SYNTHETIC_SAMPLE	GENE32
PATHWAYS	SYNTHETIC	SYN_PATHWAYS_MATRIX_A	SYNTHETIC_SAMPLE	GENE33
PATHWAYS	SYNTHETIC	SYN_PATHWAYS_MATRIX_A	SYNTHETIC_SAMPLE	GENE34
PATHWAYS	SYNTHETIC	SYN_PATHWAYS_MATRIX_A	SYNTHETIC_SAMPLE	GENE35
PATHWAYS	SYNTHETIC	SYN_PATHWAYS_MATRIX_A	SYNTHETIC_SAMPLE	GENE36
PATHWAYS	SYNTHETIC	SYN_PATHWAYS_MATRIX_B	SYNTHETIC_SAMPLE	GENE29
PATHWAYS	SYNTHETIC	SYN_PATHWAYS_MATRIX_B	SYNTHETIC_SAMPLE	GENE30
PATHWAYS	SYNTHETIC	SYN_PATHWAYS_MATRIX_B	SYNTHETIC_SAMPLE	GENE31
PATHWAYS	SYNTHETIC	SYN_PATHWAYS_MATRIX_B	SYNTHETIC_SAMPLE	GENE32
PATHWAYS	SYNTHETIC	SYN_PATHWAYS_MATRIX_B	SYNTHETIC_SAMPLE	GENE33
PATHWAYS	SYNTHETIC	SYN_PATHWAYS_MATRIX_B	SYNTHETIC_SAMPLE	GENE34
PATHWAYS	SYNTHETIC	SYN_PATHWAYS_MATRIX_B	SYNTHETIC_SAMPLE	GENE35
PATHWAYS	SYNTHETIC	SYN_PATHWAYS_MATRIX_B	SYNTHETIC_SAMPLE	GENE36
PATHWAYS	SYNTHETIC	SYN_PATHWAYS_MATRIX_B	SYNTHETIC_SAMPLE	GENE37
PATHWAYS	SYNTHETIC	SYN_PATHWAYS_MATRIX_B	SYNTHETIC_SAMPLE	GENE38
PATHWAYS	SYNTHETIC	SYN_PATHWAYS_MATRIX_B	SYNTHETIC_SAMPLE	GENE39
PATHWAYS	SYNTHETIC	SYN_PATHWAYS_MATRIX_B	SYNTHETIC_SAMPLE	GENE40
PATHWAYS	SYNTHETIC	SYN_PATHWAYS_MATRIX_C	SYNTHETIC_SAMPLE	GENE25
PATHWAYS	SYNTHETIC	SYN_PATHWAYS_MATRIX_C	SYNTHETIC_SAMPLE	GENE26
PATHWAYS	SYNTHETIC	SYN_PATHWAYS_MATRIX_C	SYNTHETIC_SAMPLE	GENE27
PATHWAYS	SYNTHETIC	SYN_PATHWAYS_MATRIX_C	SYNTHETIC_SAMPLE	GENE28
PATHWAYS	SYNTHETIC	SYN_PATHWAYS_MATRIX_C	SYNTHETIC_SAMPLE	GENE29
PATHWAYS	SYNTHETIC	SYN_PATHWAYS_MATRIX_C	SYNTHETIC_SAMPLE	GENE30
PATHWAYS	SYNTHETIC	SYN_PATHWAYS_MATRIX_C	SYNTHETIC_SAMPLE	GENE35
PATHWAYS	SYNTHETIC	SYN_PATHWAYS_MATRIX_C	SYNTHETIC_SAMPLE	GENE36
PATHWAYS	SYNTHETIC	SYN_PATHWAYS_MATRIX_C	SYNTHETIC_SAMPLE	GENE37
PATHWAYS	SYNTHETIC	SYN_PATHWAYS_MATRIX_C	SYNTHETIC_SAMPLE	GENE38
PATHWAYS	SYNTHETIC	SYN_PATHWAYS_MATRIX_C	SYNTHETIC_SAMPLE	GENE39
PATHWAYS	SYNTHETIC	SYN_PATHWAYS_MATRIX_C	SYNTHETIC_SAMPLE	GENE40
