figure_type	view	x_encoding	y_encoding	colour_encoding	size_encoding	label_encoding	source_fields	interpretation_limit
standard_lisa_overview	One compact category overview per analysis and collection	mean_NES across significant LISA-mapped gene sets	LISA category, grouped by macrogroup	Stable category colour	n_genesets_significant (historical alias n_genesets)	Category display name; optional directional-consistency annotation	category_id; macrogroup_id; mean_NES; mean_NES_contextual; n_genesets_mapped; n_genesets_evaluable; n_genesets_significant; has_significant_support; gsea_padj_cutoff; consistency; min_padj	A descriptive category aggregate, not a category-level statistical test; mean_NES is NA without significant support and the contextual mean is pre-threshold.
lisa_category_gene_sets	Significant member gene sets within one LISA category	NES for the source ranked list	Gene-set display name	Stable parent-category colour	-log10(member-gene-set adjusted p-value)	Exact member gene-set name	gene_set_id/pathway; NES; padj; category_id	Member-set FDR belongs to that gene set; it is not a category FDR.
ora_category_bar	Over-representation summary by category and direction	Total overlapping genes across mapped ORA gene sets	LISA category	Stable category colour	Not used	Direction facet and category display name	total_overlap; direction; category_id	ORA and GSEA answer different questions and must not be merged.
lisa_dumbbell	A-minus-B semantic profile contrast	display_mean_NES_A and display_mean_NES_B; significant mean when supported, contextual pre-threshold mean for the unsupported side	Every configured LISA category in dictionary order	Category colour and A/B endpoint identity; unsupported contextual endpoint is hollow and translucent	n_genesets_significant per side (historical alias n_genesets)	A/B labels, support state and category display name	mean_NES_A; mean_NES_B; mean_NES_contextual_A; mean_NES_contextual_B; display_mean_NES_A; display_mean_NES_B; has_significant_support_A; has_significant_support_B; n_genesets_mapped_A; n_genesets_mapped_B; n_genesets_evaluable_A; n_genesets_evaluable_B; n_genesets_significant_A; n_genesets_significant_B; gsea_padj_cutoff; delta_mean_NES	A and B retain their own heterogeneous member sets. A blank row means neither side met the configured cutoff, not zero NES. Delta is descriptive A minus B and is absent for a blank row; it is not a formal interaction unless the source model estimated one.
volcano_overlay	DE genes supporting one selected category	Source differential-expression log2 fold change	-log10(source DE adjusted p-value)	Selection/highlight class; direction where encoded	Not used or fixed point size	Selected supporting-gene symbols	log2FC; padj; category_id; selected_for_plot	Category membership does not make a gene causal or independently validated.
gene_card	Within-category gene evidence card	Panel-specific DE effect or contribution score	Supporting gene	Evidence/direction class	Panel-specific support magnitude	Gene symbol and category	log2FC; padj; gene_contribution_score; min_source_padj; category_id	A prioritisation display, not a new inferential gene test.
contrast_gene_card	Paired A/B gene evidence card	Side-specific DE effect or contribution score	Supporting gene	A/B and direction class	Panel-specific support magnitude	Gene symbol and category	log2FC_A; log2FC_B; padj_A; padj_B; category_id	Profile geometry alone does not establish rescue, synergy or mechanism.
leading_edge_heatmap	Supporting-gene abundance heatmap	Input samples or declared conditions	Leading-edge/supporting genes	Values from the user-supplied transformed matrix, optionally row-scaled	Not used	Gene and sample labels	matrix value; sample order; gene symbol; category_id	Shows the supplied expression scale; it is not an independent differential-expression analysis.
contrast_heatmap	Paired category/gene A/B heatmap	A and B sides or their declared samples	Category-gene rows	Side-specific evidence value encoded in the source table	Not used	Category and gene labels	label_A; label_B; category_id; symbol; plotted value	Visual pairing is descriptive and does not create a formal interaction test.
network	Gene-category evidence network	Layout coordinate only	Layout coordinate only	Node/edge class or evidence direction	Degree or evidence magnitude where encoded	Exact category and gene identifiers	category_id; symbol; edge/evidence fields	Layout distance and topology are not causal direction or independent replication.
kegg_single	Runtime-painted KEGG pathway	Native KEGG map coordinate	Native KEGG map coordinate	Blue-white-red mapping of source DE log2FC; grey for unavailable values	Native KEGG node size	KEGG node/pathway identifiers	kegg_id; node; symbol; log2FC; padj; retrieval metadata	A painted map does not establish pathway activation, inhibition or flux.
kegg_contrast	Paired runtime-painted KEGG pathway	Native KEGG map coordinate or A/B panel	Native KEGG map coordinate	Side-specific source DE log2FC using the recorded scale	Native KEGG node size	KEGG node/pathway and A/B labels	kegg_id; side; symbol; log2FC; padj; retrieval metadata	A/B colour differences are not a formal interaction unless the input model provides one.
