universe	macrogroup_id	category_count	core_distinct_gene_sets	core_member_assignments	source_dictionary_sha256	category_map_sha256
GOBP-C2	DEVELOPMENT_NEURAL	2	1738	1801	f24b5bd8d9ac66b6d64c1a91c56ab567aa64a37f05dee5ce0ed3011b2bed8994	d61fcb2e1d40d0448d459daaab952975477203bb00b76cb53145aea8f61333b1
GOBP-C2	GENOME_GENE_EXPRESSION	4	1076	1090	f24b5bd8d9ac66b6d64c1a91c56ab567aa64a37f05dee5ce0ed3011b2bed8994	d61fcb2e1d40d0448d459daaab952975477203bb00b76cb53145aea8f61333b1
GOBP-C2	IMMUNE_INFLAMMATION	4	1321	1356	f24b5bd8d9ac66b6d64c1a91c56ab567aa64a37f05dee5ce0ed3011b2bed8994	d61fcb2e1d40d0448d459daaab952975477203bb00b76cb53145aea8f61333b1
GOBP-C2	METABOLISM_BIOENERGETICS	8	1560	1576	f24b5bd8d9ac66b6d64c1a91c56ab567aa64a37f05dee5ce0ed3011b2bed8994	d61fcb2e1d40d0448d459daaab952975477203bb00b76cb53145aea8f61333b1
GOBP-C2	MICROENVIRONMENT_VASCULAR_ECM	2	333	334	f24b5bd8d9ac66b6d64c1a91c56ab567aa64a37f05dee5ce0ed3011b2bed8994	d61fcb2e1d40d0448d459daaab952975477203bb00b76cb53145aea8f61333b1
GOBP-C2	PROLIFERATION_CELL_CYCLE	1	555	555	f24b5bd8d9ac66b6d64c1a91c56ab567aa64a37f05dee5ce0ed3011b2bed8994	d61fcb2e1d40d0448d459daaab952975477203bb00b76cb53145aea8f61333b1
GOBP-C2	SIGNALING_COMMUNICATION	5	1964	2015	f24b5bd8d9ac66b6d64c1a91c56ab567aa64a37f05dee5ce0ed3011b2bed8994	d61fcb2e1d40d0448d459daaab952975477203bb00b76cb53145aea8f61333b1
GOBP-C2	STRESS_DEATH_PROTEOSTASIS	7	879	901	f24b5bd8d9ac66b6d64c1a91c56ab567aa64a37f05dee5ce0ed3011b2bed8994	d61fcb2e1d40d0448d459daaab952975477203bb00b76cb53145aea8f61333b1
GOBP-C2	STRUCTURE_MOTILITY_PLASTICITY	4	911	928	f24b5bd8d9ac66b6d64c1a91c56ab567aa64a37f05dee5ce0ed3011b2bed8994	d61fcb2e1d40d0448d459daaab952975477203bb00b76cb53145aea8f61333b1
GOBP-C2	TRANSPORT_TRAFFICKING_HOMEOSTASIS	3	1150	1173	f24b5bd8d9ac66b6d64c1a91c56ab567aa64a37f05dee5ce0ed3011b2bed8994	d61fcb2e1d40d0448d459daaab952975477203bb00b76cb53145aea8f61333b1
GOMF	MF_CATALYTIC_METABOLIC	7	358	368	f24b5bd8d9ac66b6d64c1a91c56ab567aa64a37f05dee5ce0ed3011b2bed8994	d61fcb2e1d40d0448d459daaab952975477203bb00b76cb53145aea8f61333b1
GOMF	MF_CELL_CYCLE_DEVELOPMENT	2	4	4	f24b5bd8d9ac66b6d64c1a91c56ab567aa64a37f05dee5ce0ed3011b2bed8994	d61fcb2e1d40d0448d459daaab952975477203bb00b76cb53145aea8f61333b1
GOMF	MF_GENE_EXPRESSION	4	170	170	f24b5bd8d9ac66b6d64c1a91c56ab567aa64a37f05dee5ce0ed3011b2bed8994	d61fcb2e1d40d0448d459daaab952975477203bb00b76cb53145aea8f61333b1
GOMF	MF_GENERIC_OTHER	2	525	526	f24b5bd8d9ac66b6d64c1a91c56ab567aa64a37f05dee5ce0ed3011b2bed8994	d61fcb2e1d40d0448d459daaab952975477203bb00b76cb53145aea8f61333b1
GOMF	MF_IMMUNE_LIGAND_RECEPTOR	3	53	53	f24b5bd8d9ac66b6d64c1a91c56ab567aa64a37f05dee5ce0ed3011b2bed8994	d61fcb2e1d40d0448d459daaab952975477203bb00b76cb53145aea8f61333b1
GOMF	MF_PROTEOSTASIS_STRESS_DEATH	5	82	84	f24b5bd8d9ac66b6d64c1a91c56ab567aa64a37f05dee5ce0ed3011b2bed8994	d61fcb2e1d40d0448d459daaab952975477203bb00b76cb53145aea8f61333b1
GOMF	MF_SIGNALING_REGULATION	5	306	313	f24b5bd8d9ac66b6d64c1a91c56ab567aa64a37f05dee5ce0ed3011b2bed8994	d61fcb2e1d40d0448d459daaab952975477203bb00b76cb53145aea8f61333b1
GOMF	MF_STRUCTURE_ADHESION_ECM	4	54	55	f24b5bd8d9ac66b6d64c1a91c56ab567aa64a37f05dee5ce0ed3011b2bed8994	d61fcb2e1d40d0448d459daaab952975477203bb00b76cb53145aea8f61333b1
GOMF	MF_TRANSPORT_SENSING	5	285	287	f24b5bd8d9ac66b6d64c1a91c56ab567aa64a37f05dee5ce0ed3011b2bed8994	d61fcb2e1d40d0448d459daaab952975477203bb00b76cb53145aea8f61333b1
GOCC	CC_SURFACE_ADHESION_ECM	3	343	348	f24b5bd8d9ac66b6d64c1a91c56ab567aa64a37f05dee5ce0ed3011b2bed8994	d61fcb2e1d40d0448d459daaab952975477203bb00b76cb53145aea8f61333b1
GOCC	CC_IMMUNE_COMPLEXES	1	29	29	f24b5bd8d9ac66b6d64c1a91c56ab567aa64a37f05dee5ce0ed3011b2bed8994	d61fcb2e1d40d0448d459daaab952975477203bb00b76cb53145aea8f61333b1
GOCC	CC_METABOLIC_ORGANELLES	1	46	46	f24b5bd8d9ac66b6d64c1a91c56ab567aa64a37f05dee5ce0ed3011b2bed8994	d61fcb2e1d40d0448d459daaab952975477203bb00b76cb53145aea8f61333b1
GOCC	CC_NUCLEAR_GENE_EXPRESSION	2	275	277	f24b5bd8d9ac66b6d64c1a91c56ab567aa64a37f05dee5ce0ed3011b2bed8994	d61fcb2e1d40d0448d459daaab952975477203bb00b76cb53145aea8f61333b1
GOCC	CC_PROTEOSTASIS_GENERIC_COMPLEXES	2	76	76	f24b5bd8d9ac66b6d64c1a91c56ab567aa64a37f05dee5ce0ed3011b2bed8994	d61fcb2e1d40d0448d459daaab952975477203bb00b76cb53145aea8f61333b1
GOCC	CC_SECRETORY_ENDOMEMBRANE	3	226	227	f24b5bd8d9ac66b6d64c1a91c56ab567aa64a37f05dee5ce0ed3011b2bed8994	d61fcb2e1d40d0448d459daaab952975477203bb00b76cb53145aea8f61333b1
PATHWAYS	RTK_RAS_MAPK	12	252	279	f24b5bd8d9ac66b6d64c1a91c56ab567aa64a37f05dee5ce0ed3011b2bed8994	d61fcb2e1d40d0448d459daaab952975477203bb00b76cb53145aea8f61333b1
PATHWAYS	STRESS_MAPK	2	21	21	f24b5bd8d9ac66b6d64c1a91c56ab567aa64a37f05dee5ce0ed3011b2bed8994	d61fcb2e1d40d0448d459daaab952975477203bb00b76cb53145aea8f61333b1
PATHWAYS	PI3K_AKT_MTOR	5	59	88	f24b5bd8d9ac66b6d64c1a91c56ab567aa64a37f05dee5ce0ed3011b2bed8994	d61fcb2e1d40d0448d459daaab952975477203bb00b76cb53145aea8f61333b1
PATHWAYS	RHO_GTPASE_CYTOSKELETON	6	33	37	f24b5bd8d9ac66b6d64c1a91c56ab567aa64a37f05dee5ce0ed3011b2bed8994	d61fcb2e1d40d0448d459daaab952975477203bb00b76cb53145aea8f61333b1
PATHWAYS	TGF_BETA_SMAD	3	31	31	f24b5bd8d9ac66b6d64c1a91c56ab567aa64a37f05dee5ce0ed3011b2bed8994	d61fcb2e1d40d0448d459daaab952975477203bb00b76cb53145aea8f61333b1
PATHWAYS	WNT_NOTCH_HEDGEHOG	4	94	94	f24b5bd8d9ac66b6d64c1a91c56ab567aa64a37f05dee5ce0ed3011b2bed8994	d61fcb2e1d40d0448d459daaab952975477203bb00b76cb53145aea8f61333b1
PATHWAYS	HIPPO_MECHANOSIGNALING	2	7	8	f24b5bd8d9ac66b6d64c1a91c56ab567aa64a37f05dee5ce0ed3011b2bed8994	d61fcb2e1d40d0448d459daaab952975477203bb00b76cb53145aea8f61333b1
PATHWAYS	CYTOKINE_JAK_STAT	6	52	52	f24b5bd8d9ac66b6d64c1a91c56ab567aa64a37f05dee5ce0ed3011b2bed8994	d61fcb2e1d40d0448d459daaab952975477203bb00b76cb53145aea8f61333b1
PATHWAYS	INFLAMMATORY_NFKB	4	54	55	f24b5bd8d9ac66b6d64c1a91c56ab567aa64a37f05dee5ce0ed3011b2bed8994	d61fcb2e1d40d0448d459daaab952975477203bb00b76cb53145aea8f61333b1
PATHWAYS	INNATE_IMMUNE_SIGNALING	4	54	54	f24b5bd8d9ac66b6d64c1a91c56ab567aa64a37f05dee5ce0ed3011b2bed8994	d61fcb2e1d40d0448d459daaab952975477203bb00b76cb53145aea8f61333b1
PATHWAYS	GPCR_SECOND_MESSENGER	5	64	69	f24b5bd8d9ac66b6d64c1a91c56ab567aa64a37f05dee5ce0ed3011b2bed8994	d61fcb2e1d40d0448d459daaab952975477203bb00b76cb53145aea8f61333b1
PATHWAYS	T_CELL_B_CELL_RECEPTOR_SIGNALING	3	36	37	f24b5bd8d9ac66b6d64c1a91c56ab567aa64a37f05dee5ce0ed3011b2bed8994	d61fcb2e1d40d0448d459daaab952975477203bb00b76cb53145aea8f61333b1
PATHWAYS	DEATH_RECEPTOR_SIGNALING	2	14	16	f24b5bd8d9ac66b6d64c1a91c56ab567aa64a37f05dee5ce0ed3011b2bed8994	d61fcb2e1d40d0448d459daaab952975477203bb00b76cb53145aea8f61333b1
PATHWAYS	NUCLEAR_RECEPTOR_SIGNALING	3	22	22	f24b5bd8d9ac66b6d64c1a91c56ab567aa64a37f05dee5ce0ed3011b2bed8994	d61fcb2e1d40d0448d459daaab952975477203bb00b76cb53145aea8f61333b1
PATHWAYS	STRESS_RESPONSE_SIGNALING	4	24	26	f24b5bd8d9ac66b6d64c1a91c56ab567aa64a37f05dee5ce0ed3011b2bed8994	d61fcb2e1d40d0448d459daaab952975477203bb00b76cb53145aea8f61333b1
PATHWAYS	RTK_MATRIX_GUIDANCE_SIGNALING	3	20	20	f24b5bd8d9ac66b6d64c1a91c56ab567aa64a37f05dee5ce0ed3011b2bed8994	d61fcb2e1d40d0448d459daaab952975477203bb00b76cb53145aea8f61333b1
PATHWAYS	CHEMOKINE_GPCR_SIGNALING	1	12	12	f24b5bd8d9ac66b6d64c1a91c56ab567aa64a37f05dee5ce0ed3011b2bed8994	d61fcb2e1d40d0448d459daaab952975477203bb00b76cb53145aea8f61333b1
