"category_id"	"n_genesets_mapped"	"n_genesets_evaluable"	"n_genesets_unavailable"	"n_genesets_significant"	"n_pos_genesets"	"n_neg_genesets"	"n_zero_genesets"	"mean_NES"	"median_NES"	"p25_NES"	"p75_NES"	"positive_pct"	"negative_pct"	"zero_pct"	"same_direction_pct"	"mean_NES_direction"	"gsea_padj_cutoff"	"quantile_type"	"category_display_name"	"macrogroup_name"	"category_color"	"source_row_order"	"side"	"display_mean_NES"	"endpoint_state"	"display_color"
"DEVELOPMENT_MORPHOGENESIS"	"              1010"	"               365"	"               645"	"                96"	"                73"	"                23"	"                 0"	"0.8309652271231025"	"1.4379224067931919"	"1.1939432473507909"	" 1.632842484747137"	"76.041666666666671"	"23.958333333333332"	"                 0"	"76.041666666666671"	"Positive NES"	"              0.25"	"                 7"	"Development and morphogenesis"	"Developmental and neural programs"	"#E88BA1"	"                 1"	"single"	"0.8309652271231025"	"significant_support"	"#b2182b"
"NEUROGENESIS_SYNAPSE"	"               791"	"               272"	"               519"	"                57"	"                33"	"                24"	"                 0"	"0.2692183317028829"	"1.2882522416226485"	"-1.3786203946034832"	"1.5811095807984894"	" 57.89473684210526"	" 42.10526315789474"	"                 0"	" 57.89473684210526"	"Positive NES"	"              0.25"	"                 7"	"Neurogenesis and synapse"	"Developmental and neural programs"	"#B9576E"	"                 2"	"single"	"0.2692183317028829"	"significant_support"	"#b2182b"
"DNA_DAMAGE_REPAIR_CHECKPOINTS"	"               295"	"               162"	"               133"	"               140"	"               140"	"                 0"	"                 0"	"1.8072464246609545"	"1.8622244947994178"	"1.6146541234248821"	"2.0025153471458954"	"               100"	"                 0"	"                 0"	"               100"	"Positive NES"	"              0.25"	"                 7"	"DNA damage, repair and checkpoints"	"Genome and gene expression"	"#D99A66"	"                 3"	"single"	"1.8072464246609545"	"significant_support"	"#b2182b"
"RNA_PROCESSING_SPLICING_RNP"	"               263"	"               152"	"               111"	"                96"	"                86"	"                10"	"                 0"	"1.3629898647186101"	"1.6252572794228173"	"1.4184912019014777"	"1.8892499126220865"	"89.583333333333329"	"10.416666666666666"	"                 0"	"89.583333333333329"	"Positive NES"	"              0.25"	"                 7"	"RNA processing and RNP biology"	"Genome and gene expression"	"#D18649"	"                 4"	"single"	"1.3629898647186101"	"significant_support"	"#b2182b"
"TRANSCRIPTION_CHROMATIN_EPIGENETICS"	"               416"	"               213"	"               203"	"               104"	"               103"	"                 1"	"                 0"	"1.5998865493916368"	"1.6126300608027482"	"1.4951978480834374"	"1.7728420924540849"	"99.038461538461533"	"0.96153846153846156"	"                 0"	"99.038461538461533"	"Positive NES"	"              0.25"	"                 7"	"Transcription, chromatin and epigenetics"	"Genome and gene expression"	"#C17537"	"                 5"	"single"	"1.5998865493916368"	"significant_support"	"#b2182b"
"TRANSLATION_RIBOSOME"	"               116"	"                73"	"                43"	"                46"	"                32"	"                14"	"                 0"	"0.8259765149291175"	"1.8414589572754307"	"-1.5563341680108045"	"2.4786418809024617"	"69.565217391304344"	"30.434782608695652"	"                 0"	"69.565217391304344"	"Positive NES"	"              0.25"	"                 7"	"Translation and ribosome"	"Genome and gene expression"	"#A96730"	"                 6"	"single"	"0.8259765149291175"	"significant_support"	"#b2182b"
"IMMUNE_ADAPTIVE_ANTIGEN_MHC"	"               328"	"               153"	"               175"	"               142"	"               141"	"                 1"	"                 0"	"2.0504615342333441"	"2.0992480779283031"	"1.8383001174397868"	"2.3228872329961785"	"99.295774647887328"	"0.70422535211267601"	"                 0"	"99.295774647887328"	"Positive NES"	"              0.25"	"                 7"	"Adaptive immunity and antigen presentation"	"Immune and inflammatory biology"	"#BDA838"	"                 7"	"single"	"2.0504615342333441"	"significant_support"	"#b2182b"
"IMMUNE_CYTOKINE_INFLAMMATORY"	"               535"	"               250"	"               285"	"               200"	"               198"	"                 2"	"                 0"	"1.8971294529465452"	"1.8992782216395829"	"1.6531342328674339"	"2.1399132317778751"	"                99"	"                 1"	"                 0"	"                99"	"Positive NES"	"              0.25"	"                 7"	"Cytokine and inflammatory signaling"	"Immune and inflammatory biology"	"#B09812"	"                 8"	"single"	"1.8971294529465452"	"significant_support"	"#b2182b"
"IMMUNE_CORE"	"               185"	"               110"	"                75"	"               104"	"               104"	"                 0"	"                 0"	" 2.050152285135177"	" 2.093639311018916"	"1.7715986214147141"	"2.3173350220468643"	"               100"	"                 0"	"                 0"	"               100"	"Positive NES"	"              0.25"	"                 7"	"Immune core"	"Immune and inflammatory biology"	"#9F8700"	"                 9"	"single"	" 2.050152285135177"	"significant_support"	"#b2182b"
"IMMUNE_INNATE_COMPLEMENT_PRR"	"               308"	"               151"	"               157"	"               103"	"               103"	"                 0"	"                 0"	"1.8252204388154187"	"1.8509671449987972"	"1.5843947729894015"	"2.0082199256726305"	"               100"	"                 0"	"                 0"	"               100"	"Positive NES"	"              0.25"	"                 7"	"Innate immunity, complement and PRR"	"Immune and inflammatory biology"	"#8B7600"	"                10"	"single"	"1.8252204388154187"	"significant_support"	"#b2182b"
"METABOLISM_AA_ONECARBON"	"               251"	"                99"	"               152"	"                81"	"                 5"	"                76"	"                 0"	"-1.7037433994575482"	"-1.7733827636275512"	"-2.0690817601391482"	"-1.5460107908049194"	"6.1728395061728394"	"93.827160493827165"	"                 0"	"93.827160493827165"	"Negative NES"	"              0.25"	"                 7"	"Amino acid and one-carbon metabolism"	"Metabolism and bioenergetics"	"#8FB438"	"                11"	"single"	"-1.7037433994575482"	"significant_support"	"#2166ac"
"METABOLISM_CARBOHYDRATE_GLYCOLYSIS"	"               172"	"                86"	"                86"	"                40"	"                22"	"                18"	"                 0"	"0.2165606929425391"	"1.2704013814087491"	"-1.5604302894002555"	"1.8573438991257016"	"                55"	"                45"	"                 0"	"                55"	"Positive NES"	"              0.25"	"                 7"	"Carbohydrate metabolism and glycolysis"	"Metabolism and bioenergetics"	"#85AE28"	"                12"	"single"	"0.2165606929425391"	"significant_support"	"#b2182b"
"DETOX_XENOBIOTIC_METABOLISM"	"               126"	"                55"	"                71"	"                34"	"                 2"	"                32"	"                 0"	"-1.5122763315730614"	"-1.7101778800687515"	"-1.8642953527344139"	"-1.5170319977917339"	" 5.882352941176471"	"94.117647058823536"	"                 0"	"94.117647058823536"	"Negative NES"	"              0.25"	"                 7"	"Detoxification and xenobiotic metabolism"	"Metabolism and bioenergetics"	"#7CA818"	"                13"	"single"	"-1.5122763315730614"	"significant_support"	"#2166ac"
"METABOLISM_CORE"	"                51"	"                34"	"                17"	"                13"	"                 3"	"                10"	"                 0"	"-1.2288523092132648"	"-1.7958694010033096"	"-2.0850426384222791"	"-1.221943599201228"	"23.076923076923077"	" 76.92307692307692"	"                 0"	" 76.92307692307692"	"Negative NES"	"              0.25"	"                 7"	"General metabolism"	"Metabolism and bioenergetics"	"#73A208"	"                14"	"single"	"-1.2288523092132648"	"significant_support"	"#2166ac"
"METABOLISM_LIPID_FA"	"               637"	"               291"	"               346"	"               119"	"                19"	"               100"	"                 0"	"-1.2584554400533203"	"-1.618683343087076"	"-1.9324971491588085"	"-1.3642402490816719"	"15.966386554621849"	"84.033613445378151"	"                 0"	"84.033613445378151"	"Negative NES"	"              0.25"	"                 7"	"Lipid and fatty acid metabolism"	"Metabolism and bioenergetics"	"#6C9A00"	"                15"	"single"	"-1.2584554400533203"	"significant_support"	"#2166ac"
"MITOCHONDRIA_OXPHOS_ETC"	"               143"	"                95"	"                48"	"                80"	"                 0"	"                80"	"                 0"	"-2.4443891116614265"	"-2.361762152565511"	"-3.0838841885636179"	"-1.9527580011541985"	"                 0"	"               100"	"                 0"	"               100"	"Negative NES"	"              0.25"	"                 7"	"Mitochondria, OXPHOS and ETC"	"Metabolism and bioenergetics"	"#669200"	"                16"	"single"	"-2.4443891116614265"	"significant_support"	"#2166ac"
"METABOLISM_NUCLEOTIDE"	"               175"	"                91"	"                84"	"                32"	"                22"	"                10"	"                 0"	"0.31427740975485596"	"1.4185318981019783"	"-2.1473723412486123"	"1.6019598629376652"	"             68.75"	"             31.25"	"                 0"	"             68.75"	"Positive NES"	"              0.25"	"                 7"	"Nucleotide metabolism"	"Metabolism and bioenergetics"	"#608A00"	"                17"	"single"	"0.31427740975485596"	"significant_support"	"#b2182b"
"PEROXISOME_FAO"	"                21"	"                 9"	"                12"	"                 8"	"                 0"	"                 8"	"                 0"	"-1.9486515175280354"	"-1.9315486976498808"	"-2.2837587034296982"	"-1.5785247238505453"	"                 0"	"               100"	"                 0"	"               100"	"Negative NES"	"              0.25"	"                 7"	"Peroxisome and fatty acid oxidation"	"Metabolism and bioenergetics"	"#5B8200"	"                18"	"single"	"-1.9486515175280354"	"significant_support"	"#2166ac"
"ECM_MATRIX_REMODELING"	"               183"	"                79"	"               104"	"                25"	"                17"	"                 8"	"                 0"	"0.63654426533528941"	"1.4550990693174954"	"-1.4123949000636313"	"1.7387509081481864"	"                68"	"                32"	"                 0"	"                68"	"Positive NES"	"              0.25"	"                 7"	"ECM and matrix remodeling"	"Microenvironment, vascular and ECM"	"#38BD7E"	"                19"	"single"	"0.63654426533528941"	"significant_support"	"#b2182b"
"VASCULAR_LYMPHATIC"	"               151"	"                72"	"                79"	"                26"	"                23"	"                 3"	"                 0"	"1.2786002345796348"	"1.5404334948890037"	"1.4356133500759909"	"1.7429498534606467"	"88.461538461538467"	"11.538461538461538"	"                 0"	"88.461538461538467"	"Positive NES"	"              0.25"	"                 7"	"Vascular, angiogenic and lymphatic biology"	"Microenvironment, vascular and ECM"	"#008B4A"	"                20"	"single"	"1.2786002345796348"	"significant_support"	"#b2182b"
"CELL_CYCLE_PROLIFERATION"	"               555"	"               257"	"               298"	"               169"	"               169"	"                 0"	"                 0"	"1.7369274995870974"	"1.6878252042911528"	"1.5004707019417269"	"1.9087859842340305"	"               100"	"                 0"	"                 0"	"               100"	"Positive NES"	"              0.25"	"                 7"	"Cell cycle and proliferation"	"Proliferation and cell cycle"	"#00AD9A"	"                21"	"single"	"1.7369274995870974"	"significant_support"	"#b2182b"
"SIGNALING_CORE"	"               714"	"               378"	"               336"	"               160"	"               158"	"                 2"	"                 0"	"1.5876304859036565"	"1.5649431927325108"	"1.4226854921018617"	"1.7882200941898314"	"             98.75"	"              1.25"	"                 0"	"             98.75"	"Positive NES"	"              0.25"	"                 7"	"Core cell signaling"	"Signaling and cell communication"	"#38BAD6"	"                22"	"single"	"1.5876304859036565"	"significant_support"	"#b2182b"
"ENDOCRINE_HORMONAL"	"               497"	"               192"	"               305"	"                64"	"                41"	"                23"	"                 0"	"0.44505880750850646"	"1.3846528921911094"	"-1.4322308444500818"	"  1.61641573531848"	"           64.0625"	"           35.9375"	"                 0"	"           64.0625"	"Positive NES"	"              0.25"	"                 7"	"Endocrine and hormonal pathways"	"Signaling and cell communication"	"#1CB0D0"	"                23"	"single"	"0.44505880750850646"	"significant_support"	"#b2182b"
"GROWTH_FACTOR_RTK"	"               412"	"               225"	"               187"	"               129"	"               128"	"                 1"	"                 0"	"1.5928438358855348"	" 1.597029478757612"	"1.4498819913757295"	"1.7514112440289413"	"99.224806201550393"	"0.77519379844961245"	"                 0"	"99.224806201550393"	"Positive NES"	"              0.25"	"                 7"	"Growth factor and RTK pathways"	"Signaling and cell communication"	"#00A6CA"	"                24"	"single"	"1.5928438358855348"	"significant_support"	"#b2182b"
"TGFB_SMAD"	"               129"	"                57"	"                72"	"                 8"	"                 8"	"                 0"	"                 0"	"1.5383466431413664"	"1.4785049829878378"	"1.4164186764880227"	"1.6012259622942606"	"               100"	"                 0"	"                 0"	"               100"	"Positive NES"	"              0.25"	"                 7"	"TGF-beta and SMAD signaling"	"Signaling and cell communication"	"#0097B8"	"                25"	"single"	"1.5383466431413664"	"significant_support"	"#b2182b"
"WNT_NOTCH_HEDGEHOG_HIPPO"	"               263"	"                97"	"               166"	"                26"	"                26"	"                 0"	"                 0"	"1.5771106219843185"	"1.5768943778536717"	" 1.476890844124739"	"1.7144500854769276"	"               100"	"                 0"	"                 0"	"               100"	"Positive NES"	"              0.25"	"                 7"	"Wnt, Notch, Hedgehog and Hippo"	"Signaling and cell communication"	"#0088A6"	"                26"	"single"	"1.5771106219843185"	"significant_support"	"#b2182b"
"APOPTOSIS_CELL_DEATH"	"               321"	"               162"	"               159"	"               106"	"               104"	"                 2"	"                 0"	"1.6814275786585064"	"1.6970345379089338"	"1.5166027819173693"	"1.9021624544011788"	"98.113207547169807"	"1.8867924528301887"	"                 0"	"98.113207547169807"	"Positive NES"	"              0.25"	"                 7"	"Apoptosis and regulated cell death"	"Stress, proteostasis and cell death"	"#7EA9EA"	"                27"	"single"	"1.6814275786585064"	"significant_support"	"#b2182b"
"AUTOPHAGY_LYSOSOME"	"               154"	"                92"	"                62"	"                24"	"                15"	"                 9"	"                 0"	"0.3833274389569219"	"1.4518309056826821"	"-1.5827930953122258"	"1.6041445074942606"	"              62.5"	"              37.5"	"                 0"	"              62.5"	"Positive NES"	"              0.25"	"                 7"	"Autophagy, lysosome and phagosome maturation"	"Stress, proteostasis and cell death"	"#71A1E8"	"                28"	"single"	"0.3833274389569219"	"significant_support"	"#b2182b"
"ER_STRESS_UPR"	"                48"	"                25"	"                23"	"                 8"	"                 8"	"                 0"	"                 0"	"1.6242158711581509"	"1.6686003092774708"	"1.5714612020992287"	"1.7113201173288584"	"               100"	"                 0"	"                 0"	"               100"	"Positive NES"	"              0.25"	"                 7"	"ER stress and unfolded protein response"	"Stress, proteostasis and cell death"	"#6599E6"	"                29"	"single"	"1.6242158711581509"	"significant_support"	"#b2182b"
"HEAT_SHOCK_STRESS_RESPONSE"	"                17"	"                12"	"                 5"	"                 4"	"                 4"	"                 0"	"                 0"	"1.5770252727137977"	"1.5790315311249583"	"1.5441176913109467"	"1.6119391125278095"	"               100"	"                 0"	"                 0"	"               100"	"Positive NES"	"              0.25"	"                 7"	"Heat shock and acute stress response"	"Stress, proteostasis and cell death"	"#5991E4"	"                30"	"single"	"1.5770252727137977"	"significant_support"	"#b2182b"
"HYPOXIA_HIF"	"                31"	"                14"	"                17"	"                10"	"                10"	"                 0"	"                 0"	"1.6376544632855847"	"1.7109660169209162"	"1.3858722526014244"	"1.8161948084207442"	"               100"	"                 0"	"                 0"	"               100"	"Positive NES"	"              0.25"	"                 7"	"Hypoxia and HIF programs"	"Stress, proteostasis and cell death"	"#5388D6"	"                31"	"single"	"1.6376544632855847"	"significant_support"	"#b2182b"
"OXIDATIVE_STRESS_REDOX_ROS"	"               116"	"                74"	"                42"	"                25"	"                17"	"                 8"	"                 0"	"0.64881875383960497"	"1.3607480512250005"	"-1.3572197007446736"	"1.7729658180468215"	"                68"	"                32"	"                 0"	"                68"	"Positive NES"	"              0.25"	"                 7"	"Oxidative stress, redox and ROS"	"Stress, proteostasis and cell death"	"#4E7FC8"	"                32"	"single"	"0.64881875383960497"	"significant_support"	"#b2182b"
"PROTEOSTASIS_UBIQUITIN_PROTEASOME"	"               214"	"               142"	"                72"	"                91"	"                89"	"                 2"	"                 0"	"1.4937421998558054"	"1.5671844051717572"	"1.4007216319985574"	"1.6810474036411494"	"97.802197802197796"	" 2.197802197802198"	"                 0"	"97.802197802197796"	"Positive NES"	"              0.25"	"                 7"	"Proteostasis, ubiquitin and proteasome"	"Stress, proteostasis and cell death"	"#4977BB"	"                33"	"single"	"1.4937421998558054"	"significant_support"	"#b2182b"
"ADHESION_JUNCTION_POLARITY"	"               260"	"               150"	"               110"	"                71"	"                64"	"                 7"	"                 0"	"1.4206341253863239"	"1.5601983898170915"	"1.4372166936724136"	"1.9307181955364765"	"90.140845070422529"	"9.8591549295774641"	"                 0"	"90.140845070422529"	"Positive NES"	"              0.25"	"                 7"	"Adhesion, junctions and polarity"	"Structure, motility and plasticity"	"#C693E7"	"                34"	"single"	"1.4206341253863239"	"significant_support"	"#b2182b"
"CYTOSKELETON_CONTRACTILITY"	"               419"	"               243"	"               176"	"                89"	"                84"	"                 5"	"                 0"	"1.3313668389522868"	"1.4176174002709672"	"1.3243821429944869"	"1.6383052534690596"	"94.382022471910119"	" 5.617977528089888"	"                 0"	"94.382022471910119"	"Positive NES"	"              0.25"	"                 7"	"Cytoskeleton and contractility"	"Structure, motility and plasticity"	"#BB7FE2"	"                35"	"single"	"1.3313668389522868"	"significant_support"	"#b2182b"
"EMT_PLASTICITY"	"                34"	"                11"	"                23"	"                 0"	"                 0"	"                 0"	"                 0"	""	""	""	""	""	""	""	""		"              0.25"	"                 7"	"EMT and cell-state plasticity"	"Structure, motility and plasticity"	"#AB6DD2"	"                36"	"single"	""	"unavailable"	"#687787"
"MIGRATION_INVASION"	"               215"	"               100"	"               115"	"                49"	"                46"	"                 3"	"                 0"	"1.5013246743637516"	"  1.70028144729876"	"1.3757797429711616"	"1.9168427458991544"	"93.877551020408163"	"6.1224489795918364"	"                 0"	"93.877551020408163"	"Positive NES"	"              0.25"	"                 7"	"Migration, invasion and motility programs"	"Structure, motility and plasticity"	"#9560B8"	"                37"	"single"	"1.5013246743637516"	"significant_support"	"#b2182b"
"ION_TRANSPORT_HOMEOSTASIS"	"               382"	"               133"	"               249"	"                56"	"                10"	"                46"	"                 0"	"-1.1427775221523655"	"-1.5368866148517493"	"-1.7776318670968987"	"-1.3143922674964612"	"17.857142857142858"	"82.142857142857139"	"                 0"	"82.142857142857139"	"Negative NES"	"              0.25"	"                 7"	"Ion transport and homeostasis"	"Transport, trafficking and homeostasis"	"#E486CC"	"                38"	"single"	"-1.1427775221523655"	"significant_support"	"#2166ac"
"TRANSPORT_LOCALIZATION"	"               418"	"               199"	"               219"	"                86"	"                36"	"                50"	"                 0"	"-0.30470918704075151"	"-1.3876514444314794"	"-1.6854521249710559"	"1.4588522212812793"	"41.860465116279073"	"58.139534883720927"	"                 0"	"58.139534883720927"	"Negative NES"	"              0.25"	"                 7"	"Transport and localization"	"Transport, trafficking and homeostasis"	"#DD64BE"	"                39"	"single"	"-0.30470918704075151"	"significant_support"	"#2166ac"
"VESICLE_SECRETORY_TRAFFICKING"	"               373"	"               228"	"               145"	"                59"	"                37"	"                22"	"                 0"	"0.36365435740517316"	"1.3607951211497533"	"-1.4318610511558227"	"1.5837055794258457"	"62.711864406779661"	"37.288135593220339"	"                 0"	"62.711864406779661"	"Positive NES"	"              0.25"	"                 7"	"Vesicle, endocytosis, exocytosis and secretion"	"Transport, trafficking and homeostasis"	"#B5529C"	"                40"	"single"	"0.36365435740517316"	"significant_support"	"#b2182b"
