example	source	path
riaz	outputs/design/analysis_sample_design.tsv	audit/design.tsv
riaz	outputs/lisa_inputs/canonical_effect_concordance.tsv	audit/effects.tsv
riaz	outputs/lisa_inputs/differential_longitudinal_response.tsv	data/interaction.tsv
riaz	outputs/lisa_inputs/lisa_input_manifest.tsv	provenance/input_manifest.tsv
riaz	outputs/lisa_inputs/lisa_input_validation.tsv	audit/inputs.tsv
riaz	outputs/lisa_inputs/paired_log2_normalized_counts_by_symbol.tsv	data/expr.tsv
riaz	outputs/lisa_inputs/paired_sample_annotation.tsv	data/samples.tsv
riaz	outputs/lisa_inputs/pd_on_vs_pre.tsv	data/pd_on_pre.tsv
riaz	outputs/lisa_inputs/responders_on_vs_pre.tsv	data/r_on_pre.tsv
riaz	outputs/lisa_inputs/responders_vs_pd_on.tsv	data/r_pd_on.tsv
riaz	outputs/lisa_inputs/responders_vs_pd_pre.tsv	data/r_pd_pre.tsv
riaz	outputs/lisa_inputs/validation_package_versions.tsv	provenance/versions.tsv
riaz	outputs/models/longitudinal/differential_longitudinal_response_symbol_full.tsv	provenance/models/interaction.tsv
riaz	outputs/models/longitudinal/pd_on_vs_pre_symbol_full.tsv	provenance/models/pd_on_pre.tsv
riaz	outputs/models/longitudinal/responders_on_vs_pre_symbol_full.tsv	provenance/models/r_on_pre.tsv
riaz	outputs/models/time_specific/responders_vs_pd_on_symbol_full.tsv	provenance/models/r_pd_on.tsv
riaz	outputs/models/time_specific/responders_vs_pd_pre_symbol_full.tsv	provenance/models/r_pd_pre.tsv
cptac	inputs/de/de_primary_conservative_80pairs.tsv	data/tumor_nat.tsv
cptac	inputs/audit/paired_design_samples.tsv	audit/samples.tsv
cptac	inputs/audit/checks_primary_conservative_80pairs.tsv	audit/qc.tsv
cptac	inputs/audit/data_quality_summary.tsv	audit/quality.tsv
cptac	inputs/audit/input_manifest.tsv	provenance/inputs.tsv
cptac	inputs/audit/pairs_80_source_validated.tsv	audit/pairs.tsv
